/*
 Navicat Premium Data Transfer

 Source Server         : localhost
 Source Server Type    : MySQL
 Source Server Version : 100130
 Source Host           : localhost:3306
 Source Schema         : smtp_db

 Target Server Type    : MySQL
 Target Server Version : 100130
 File Encoding         : 65001

 Date: 05/09/2019 21:10:37
*/

SET NAMES utf8mb4;
SET FOREIGN_KEY_CHECKS = 0;

-- ----------------------------
-- Table structure for accounts
-- ----------------------------
DROP TABLE IF EXISTS `accounts`;
CREATE TABLE `accounts`  (
  `item_id` int(6) NOT NULL AUTO_INCREMENT,
  `category` int(3) NULL DEFAULT 0 COMMENT '0:null, 1:smtpIp, 2:smtpDomain, 3:leads, 4:rdps, 5:sshs, 6:cpanels, 7: shells, 8:phpmailer, 9:smtps, 10: other programs',
  `country` varchar(30) CHARACTER SET latin1 COLLATE latin1_swedish_ci NULL DEFAULT NULL,
  `country_name` varchar(255) CHARACTER SET latin1 COLLATE latin1_swedish_ci NULL DEFAULT NULL,
  `details` text CHARACTER SET latin1 COLLATE latin1_swedish_ci NULL,
  `info` varchar(300) CHARACTER SET latin1 COLLATE latin1_swedish_ci NULL DEFAULT NULL,
  `seller` varchar(50) CHARACTER SET latin1 COLLATE latin1_swedish_ci NULL DEFAULT NULL,
  `addinfo` text CHARACTER SET latin1 COLLATE latin1_swedish_ci NULL,
  `login` text CHARACTER SET latin1 COLLATE latin1_swedish_ci NULL,
  `pass` varchar(150) CHARACTER SET latin1 COLLATE latin1_swedish_ci NOT NULL,
  `sold` int(1) NOT NULL DEFAULT 0,
  `price` decimal(10, 2) NULL DEFAULT NULL,
  `date_added` datetime(0) NULL DEFAULT NULL,
  `date_purchased` varchar(30) CHARACTER SET latin1 COLLATE latin1_swedish_ci NULL DEFAULT NULL,
  `buyer` varchar(255) CHARACTER SET latin1 COLLATE latin1_swedish_ci NULL DEFAULT NULL,
  `cashed_out` int(1) NOT NULL DEFAULT 0,
  `is_deleted` int(1) NULL DEFAULT 0,
  PRIMARY KEY (`item_id`, `pass`) USING BTREE,
  UNIQUE INDEX `account_id`(`item_id`) USING BTREE
) ENGINE = MyISAM AUTO_INCREMENT = 98 CHARACTER SET = latin1 COLLATE = latin1_swedish_ci ROW_FORMAT = Dynamic;

-- ----------------------------
-- Records of accounts
-- ----------------------------
INSERT INTO `accounts` VALUES (1, 9, 'AF', 'Afghanistan', '{\"smtp_webmail\":\"yes\",\"smtp_server_inf\":\"Detected Hosting\",\"smtp_username\":\"root\",\"smtp_userpass\":\"root\",\"port\":\"25\"}', NULL, NULL, NULL, NULL, '', 0, 5.00, '2019-09-01 15:33:21', NULL, NULL, 0, 0);
INSERT INTO `accounts` VALUES (2, 9, 'AF', 'Afghanistan', '{\"smtp_webmail\":\"yes\",\"smtp_server_inf\":\"Detected Hosting\",\"smtp_username\":\"root\",\"smtp_userpass\":\"root\",\"port\":\"25\"}', NULL, NULL, NULL, NULL, '', 0, 5.00, '2019-09-01 15:33:21', NULL, NULL, 0, 0);
INSERT INTO `accounts` VALUES (3, 9, 'AF', 'Afghanistan', '{\"smtp_webmail\":\"yes\",\"smtp_server_inf\":\"Detected Hosting\",\"smtp_username\":\"root\",\"smtp_userpass\":\"root\",\"port\":\"25\"}', NULL, NULL, NULL, NULL, '', 0, 5.00, '2019-09-01 15:33:21', NULL, NULL, 0, 0);
INSERT INTO `accounts` VALUES (4, 9, 'AF', 'Afghanistan', '{\"smtp_webmail\":\"yes\",\"smtp_server_inf\":\"Detected Hosting\",\"smtp_username\":\"root\",\"smtp_userpass\":\"root\",\"port\":\"25\"}', NULL, NULL, NULL, NULL, '', 0, 5.00, '2019-09-01 15:33:21', NULL, NULL, 0, 0);
INSERT INTO `accounts` VALUES (5, 9, 'AF', 'Afghanistan', '{\"smtp_webmail\":\"yes\",\"smtp_server_inf\":\"Detected Hosting\",\"smtp_username\":\"root\",\"smtp_userpass\":\"root\",\"port\":\"25\"}', NULL, NULL, NULL, NULL, '', 0, 5.00, '2019-09-01 15:33:21', NULL, NULL, 0, 0);
INSERT INTO `accounts` VALUES (6, 9, 'AF', 'Afghanistan', '{\"smtp_webmail\":\"yes\",\"smtp_server_inf\":\"Detected Hosting\",\"smtp_username\":\"root\",\"smtp_userpass\":\"root\",\"port\":\"25\"}', NULL, NULL, NULL, NULL, '', 0, 5.00, '2019-09-01 15:33:21', NULL, NULL, 0, 0);
INSERT INTO `accounts` VALUES (7, 9, 'AF', 'Afghanistan', '{\"smtp_webmail\":\"yes\",\"smtp_server_inf\":\"Detected Hosting\",\"smtp_username\":\"root\",\"smtp_userpass\":\"root\",\"port\":\"25\"}', NULL, NULL, NULL, NULL, '', 0, 5.00, '2019-09-01 15:33:21', NULL, NULL, 0, 0);
INSERT INTO `accounts` VALUES (8, 9, 'AF', 'Afghanistan', '{\"smtp_webmail\":\"yes\",\"smtp_server_inf\":\"Detected Hosting\",\"smtp_username\":\"root\",\"smtp_userpass\":\"root\",\"port\":\"25\"}', NULL, NULL, NULL, NULL, '', 0, 5.00, '2019-09-01 15:33:21', NULL, NULL, 0, 0);
INSERT INTO `accounts` VALUES (9, 9, 'AF', 'Afghanistan', '{\"smtp_webmail\":\"yes\",\"smtp_server_inf\":\"Detected Hosting\",\"smtp_username\":\"root\",\"smtp_userpass\":\"root\",\"port\":\"25\"}', NULL, NULL, NULL, NULL, '', 0, 5.00, '2019-09-01 15:33:21', NULL, NULL, 0, 0);
INSERT INTO `accounts` VALUES (11, 9, 'AF', 'Afghanistan', '{\"smtp_webmail\":\"yes\",\"smtp_server_inf\":\"Detected Hosting\",\"smtp_username\":\"root\",\"smtp_userpass\":\"root\",\"port\":\"25\"}', NULL, NULL, NULL, NULL, '', 0, 5.00, '2019-09-01 15:33:21', NULL, NULL, 0, 0);
INSERT INTO `accounts` VALUES (12, 9, 'AF', 'Afghanistan', '{\"smtp_webmail\":\"yes\",\"smtp_server_inf\":\"Detected Hosting\",\"smtp_username\":\"root\",\"smtp_userpass\":\"root\",\"port\":\"25\"}', NULL, NULL, NULL, NULL, '', 0, 5.00, '2019-09-01 15:33:21', NULL, NULL, 0, 0);
INSERT INTO `accounts` VALUES (13, 9, 'AF', 'Afghanistan', '{\"smtp_webmail\":\"yes\",\"smtp_server_inf\":\"Detected Hosting\",\"smtp_username\":\"root\",\"smtp_userpass\":\"root\",\"port\":\"25\"}', NULL, NULL, NULL, NULL, '', 0, 5.00, '2019-09-01 15:33:21', NULL, NULL, 0, 0);
INSERT INTO `accounts` VALUES (14, 9, 'AF', 'Afghanistan', '{\"smtp_webmail\":\"yes\",\"smtp_server_inf\":\"Detected Hosting\",\"smtp_username\":\"root\",\"smtp_userpass\":\"root\",\"port\":\"25\"}', NULL, NULL, NULL, NULL, '', 0, 5.00, '2019-09-01 15:33:21', NULL, NULL, 0, 0);
INSERT INTO `accounts` VALUES (15, 9, 'AF', 'Afghanistan', '{\"smtp_webmail\":\"yes\",\"smtp_server_inf\":\"Detected Hosting\",\"smtp_username\":\"root\",\"smtp_userpass\":\"root\",\"port\":\"25\"}', NULL, NULL, NULL, NULL, '', 0, 5.00, '2019-09-01 15:33:21', NULL, NULL, 0, 0);
INSERT INTO `accounts` VALUES (16, 9, 'AF', 'Afghanistan', '{\"smtp_webmail\":\"yes\",\"smtp_server_inf\":\"Detected Hosting\",\"smtp_username\":\"root\",\"smtp_userpass\":\"root\",\"port\":\"25\"}', NULL, NULL, NULL, NULL, '', 0, 5.00, '2019-09-01 15:33:21', NULL, NULL, 0, 0);
INSERT INTO `accounts` VALUES (17, 9, 'AF', 'Afghanistan', '{\"smtp_webmail\":\"yes\",\"smtp_server_inf\":\"Detected Hosting\",\"smtp_username\":\"root\",\"smtp_userpass\":\"root\",\"port\":\"25\"}', NULL, NULL, NULL, NULL, '', 0, 5.00, '2019-09-01 15:33:21', NULL, NULL, 0, 0);
INSERT INTO `accounts` VALUES (18, 9, 'AF', 'Afghanistan', '{\"smtp_webmail\":\"yes\",\"smtp_server_inf\":\"Detected Hosting\",\"smtp_username\":\"root\",\"smtp_userpass\":\"root\",\"port\":\"25\"}', NULL, NULL, NULL, NULL, '', 0, 5.00, '2019-09-01 15:33:21', NULL, NULL, 0, 0);
INSERT INTO `accounts` VALUES (19, 9, 'AF', 'Afghanistan', '{\"smtp_webmail\":\"yes\",\"smtp_server_inf\":\"Detected Hosting\",\"smtp_username\":\"root\",\"smtp_userpass\":\"root\",\"port\":\"25\"}', NULL, NULL, NULL, NULL, '', 0, 5.00, '2019-09-01 15:33:21', NULL, NULL, 0, 0);
INSERT INTO `accounts` VALUES (20, 9, 'AF', 'Afghanistan', '{\"smtp_webmail\":\"yes\",\"smtp_server_inf\":\"Detected Hosting\",\"smtp_username\":\"root\",\"smtp_userpass\":\"root\",\"port\":\"25\"}', NULL, NULL, NULL, NULL, '', 0, 5.00, '2019-09-01 15:33:21', NULL, NULL, 0, 0);
INSERT INTO `accounts` VALUES (21, 9, 'AF', 'Afghanistan', '{\"smtp_webmail\":\"yes\",\"smtp_server_inf\":\"Detected Hosting\",\"smtp_username\":\"root\",\"smtp_userpass\":\"root\",\"port\":\"25\"}', NULL, NULL, NULL, NULL, '', 0, 5.00, '2019-09-01 15:33:21', NULL, NULL, 0, 0);
INSERT INTO `accounts` VALUES (22, 9, 'AF', 'Afghanistan', '{\"smtp_webmail\":\"yes\",\"smtp_server_inf\":\"Detected Hosting\",\"smtp_username\":\"root\",\"smtp_userpass\":\"root\",\"port\":\"25\"}', NULL, NULL, NULL, NULL, '', 0, 5.00, '2019-09-01 15:33:21', NULL, NULL, 0, 0);
INSERT INTO `accounts` VALUES (23, 9, 'AF', 'Afghanistan', '{\"smtp_webmail\":\"yes\",\"smtp_server_inf\":\"Detected Hosting\",\"smtp_username\":\"root\",\"smtp_userpass\":\"root\",\"port\":\"25\"}', NULL, NULL, NULL, NULL, '', 0, 5.00, '2019-09-01 15:33:21', NULL, NULL, 0, 0);
INSERT INTO `accounts` VALUES (24, 9, 'AF', 'Afghanistan', '{\"smtp_webmail\":\"yes\",\"smtp_server_inf\":\"Detected Hosting\",\"smtp_username\":\"root\",\"smtp_userpass\":\"root\",\"port\":\"25\"}', NULL, NULL, NULL, NULL, '', 0, 5.00, '2019-09-01 15:33:21', NULL, NULL, 0, 0);
INSERT INTO `accounts` VALUES (25, 9, 'AF', 'Afghanistan', '{\"smtp_webmail\":\"yes\",\"smtp_server_inf\":\"Detected Hosting\",\"smtp_username\":\"root\",\"smtp_userpass\":\"root\",\"port\":\"25\"}', NULL, NULL, NULL, NULL, '', 0, 5.00, '2019-09-01 15:33:21', NULL, NULL, 0, 0);
INSERT INTO `accounts` VALUES (26, 9, 'AF', 'Afghanistan', '{\"smtp_webmail\":\"yes\",\"smtp_server_inf\":\"Detected Hosting\",\"smtp_username\":\"root\",\"smtp_userpass\":\"root\",\"port\":\"25\"}', NULL, NULL, NULL, NULL, '', 0, 5.00, '2019-09-01 15:33:21', NULL, NULL, 0, 0);
INSERT INTO `accounts` VALUES (27, 9, 'AF', 'Afghanistan', '{\"smtp_webmail\":\"yes\",\"smtp_server_inf\":\"Detected Hosting\",\"smtp_username\":\"root\",\"smtp_userpass\":\"root\",\"port\":\"25\"}', NULL, NULL, NULL, NULL, '', 0, 5.00, '2019-09-01 15:33:21', NULL, NULL, 0, 0);
INSERT INTO `accounts` VALUES (28, 9, 'AF', 'Afghanistan', '{\"smtp_webmail\":\"yes\",\"smtp_server_inf\":\"Detected Hosting\",\"smtp_username\":\"root\",\"smtp_userpass\":\"root\",\"port\":\"25\"}', NULL, NULL, NULL, NULL, '', 0, 5.00, '2019-09-01 15:33:21', NULL, NULL, 0, 0);
INSERT INTO `accounts` VALUES (29, 9, 'AF', 'Afghanistan', '{\"smtp_webmail\":\"yes\",\"smtp_server_inf\":\"Detected Hosting\",\"smtp_username\":\"root\",\"smtp_userpass\":\"root\",\"port\":\"25\"}', NULL, NULL, NULL, NULL, '', 0, 5.00, '2019-09-01 15:33:21', NULL, NULL, 0, 0);
INSERT INTO `accounts` VALUES (30, 9, 'AF', 'Afghanistan', '{\"smtp_webmail\":\"yes\",\"smtp_server_inf\":\"Detected Hosting\",\"smtp_username\":\"root\",\"smtp_userpass\":\"root\",\"port\":\"25\"}', NULL, NULL, NULL, NULL, '', 0, 5.00, '2019-09-01 15:33:21', NULL, NULL, 0, 0);
INSERT INTO `accounts` VALUES (31, 9, 'AF', 'Afghanistan', '{\"smtp_webmail\":\"yes\",\"smtp_server_inf\":\"Detected Hosting\",\"smtp_username\":\"root\",\"smtp_userpass\":\"root\",\"port\":\"25\"}', NULL, NULL, NULL, NULL, '', 0, 5.00, '2019-09-01 15:33:21', NULL, NULL, 0, 0);
INSERT INTO `accounts` VALUES (32, 9, 'AF', 'Afghanistan', '{\"smtp_webmail\":\"yes\",\"smtp_server_inf\":\"Detected Hosting\",\"smtp_username\":\"root\",\"smtp_userpass\":\"root\",\"port\":\"25\"}', NULL, NULL, NULL, NULL, '', 0, 5.00, '2019-09-01 15:33:21', NULL, NULL, 0, 0);
INSERT INTO `accounts` VALUES (33, 9, 'AF', 'Afghanistan', '{\"smtp_webmail\":\"yes\",\"smtp_server_inf\":\"Detected Hosting\",\"smtp_username\":\"root\",\"smtp_userpass\":\"root\",\"port\":\"25\"}', NULL, NULL, NULL, NULL, '', 0, 5.00, '2019-09-01 15:33:21', NULL, NULL, 0, 0);
INSERT INTO `accounts` VALUES (34, 9, 'AF', 'Afghanistan', '{\"smtp_webmail\":\"yes\",\"smtp_server_inf\":\"Detected Hosting\",\"smtp_username\":\"root\",\"smtp_userpass\":\"root\",\"port\":\"25\"}', NULL, NULL, NULL, NULL, '', 0, 5.00, '2019-09-01 15:33:21', NULL, NULL, 0, 0);
INSERT INTO `accounts` VALUES (35, 9, 'AF', 'Afghanistan', '{\"smtp_webmail\":\"yes\",\"smtp_server_inf\":\"Detected Hosting\",\"smtp_username\":\"root\",\"smtp_userpass\":\"root\",\"port\":\"25\"}', NULL, NULL, NULL, NULL, '', 0, 5.00, '2019-09-01 15:33:21', NULL, NULL, 0, 0);
INSERT INTO `accounts` VALUES (36, 9, 'AF', 'Afghanistan', '{\"smtp_webmail\":\"yes\",\"smtp_server_inf\":\"Detected Hosting\",\"smtp_username\":\"root\",\"smtp_userpass\":\"root\",\"port\":\"25\"}', NULL, NULL, NULL, NULL, '', 0, 5.00, '2019-09-01 15:33:21', NULL, NULL, 0, 0);
INSERT INTO `accounts` VALUES (37, 9, 'AF', 'Afghanistan', '{\"smtp_webmail\":\"yes\",\"smtp_server_inf\":\"Detected Hosting\",\"smtp_username\":\"root\",\"smtp_userpass\":\"root\",\"port\":\"25\"}', NULL, NULL, NULL, NULL, '', 0, 5.00, '2019-09-01 15:33:21', NULL, NULL, 0, 0);
INSERT INTO `accounts` VALUES (38, 9, 'AF', 'Afghanistan', '{\"smtp_webmail\":\"yes\",\"smtp_server_inf\":\"Detected Hosting\",\"smtp_username\":\"root\",\"smtp_userpass\":\"root\",\"port\":\"25\"}', NULL, NULL, NULL, NULL, '', 0, 5.00, '2019-09-01 15:33:21', NULL, NULL, 0, 0);
INSERT INTO `accounts` VALUES (39, 9, 'AF', 'Afghanistan', '{\"smtp_webmail\":\"yes\",\"smtp_server_inf\":\"Detected Hosting\",\"smtp_username\":\"root\",\"smtp_userpass\":\"root\",\"port\":\"25\"}', NULL, NULL, NULL, NULL, '', 0, 5.00, '2019-09-01 15:33:21', NULL, NULL, 0, 0);
INSERT INTO `accounts` VALUES (40, 9, 'AF', 'Afghanistan', '{\"smtp_webmail\":\"yes\",\"smtp_server_inf\":\"Detected Hosting\",\"smtp_username\":\"root\",\"smtp_userpass\":\"root\",\"port\":\"25\"}', NULL, NULL, NULL, NULL, '', 0, 5.00, '2019-09-01 15:33:21', NULL, NULL, 0, 0);
INSERT INTO `accounts` VALUES (41, 9, 'AF', 'Afghanistan', '{\"smtp_webmail\":\"yes\",\"smtp_server_inf\":\"Detected Hosting\",\"smtp_username\":\"root\",\"smtp_userpass\":\"root\",\"port\":\"25\"}', NULL, NULL, NULL, NULL, '', 0, 5.00, '2019-09-01 15:33:21', NULL, NULL, 0, 0);
INSERT INTO `accounts` VALUES (42, 9, 'AF', 'Afghanistan', '{\"smtp_webmail\":\"yes\",\"smtp_server_inf\":\"Detected Hosting\",\"smtp_username\":\"root\",\"smtp_userpass\":\"root\",\"port\":\"25\"}', NULL, NULL, NULL, NULL, '', 0, 5.00, '2019-09-01 15:33:21', NULL, NULL, 0, 0);
INSERT INTO `accounts` VALUES (43, 9, 'AF', 'Afghanistan', '{\"smtp_webmail\":\"yes\",\"smtp_server_inf\":\"Detected Hosting\",\"smtp_username\":\"root\",\"smtp_userpass\":\"root\",\"port\":\"25\"}', NULL, NULL, NULL, NULL, '', 0, 5.00, '2019-09-01 15:33:21', NULL, NULL, 0, 0);
INSERT INTO `accounts` VALUES (44, 9, 'AF', 'Afghanistan', '{\"smtp_webmail\":\"yes\",\"smtp_server_inf\":\"Detected Hosting\",\"smtp_username\":\"root\",\"smtp_userpass\":\"root\",\"port\":\"25\"}', NULL, NULL, NULL, NULL, '', 0, 5.00, '2019-09-01 15:33:21', NULL, NULL, 0, 0);
INSERT INTO `accounts` VALUES (45, 9, 'AF', 'Afghanistan', '{\"smtp_webmail\":\"yes\",\"smtp_server_inf\":\"Detected Hosting\",\"smtp_username\":\"root\",\"smtp_userpass\":\"root\",\"port\":\"25\"}', NULL, NULL, NULL, NULL, '', 0, 5.00, '2019-09-01 15:33:21', NULL, NULL, 0, 0);
INSERT INTO `accounts` VALUES (46, 9, 'AF', 'Afghanistan', '{\"smtp_webmail\":\"yes\",\"smtp_server_inf\":\"Detected Hosting\",\"smtp_username\":\"root\",\"smtp_userpass\":\"root\",\"port\":\"25\"}', NULL, NULL, NULL, NULL, '', 0, 5.00, '2019-09-01 15:33:21', NULL, NULL, 0, 0);
INSERT INTO `accounts` VALUES (47, 9, 'AF', 'Afghanistan', '{\"smtp_webmail\":\"yes\",\"smtp_server_inf\":\"Detected Hosting\",\"smtp_username\":\"root\",\"smtp_userpass\":\"root\",\"port\":\"25\"}', NULL, NULL, NULL, NULL, '', 0, 5.00, '2019-09-01 15:33:21', NULL, NULL, 0, 0);
INSERT INTO `accounts` VALUES (48, 9, 'AF', 'Afghanistan', '{\"smtp_webmail\":\"yes\",\"smtp_server_inf\":\"Detected Hosting\",\"smtp_username\":\"root\",\"smtp_userpass\":\"root\",\"port\":\"25\"}', NULL, NULL, NULL, NULL, '', 0, 5.00, '2019-09-01 15:33:21', NULL, NULL, 0, 0);
INSERT INTO `accounts` VALUES (49, 9, 'AF', 'Afghanistan', '{\"smtp_webmail\":\"yes\",\"smtp_server_inf\":\"Detected Hosting\",\"smtp_username\":\"root\",\"smtp_userpass\":\"root\",\"port\":\"25\"}', NULL, NULL, NULL, NULL, '', 0, 5.00, '2019-09-01 15:33:21', NULL, NULL, 0, 0);
INSERT INTO `accounts` VALUES (50, 9, 'AF', 'Afghanistan', '{\"smtp_webmail\":\"yes\",\"smtp_server_inf\":\"Detected Hosting\",\"smtp_username\":\"root\",\"smtp_userpass\":\"root\",\"port\":\"25\"}', NULL, NULL, NULL, NULL, '', 0, 5.00, '2019-09-01 15:33:21', NULL, NULL, 0, 0);
INSERT INTO `accounts` VALUES (76, 2, 'JP', 'Japan', '{\"smtp_server_inf\":\"co-rpo.jp\",\"smtp_username\":\"info@co-rpo.jp\",\"smtp_userpass\":\"corpo1997\",\"smtp_port\":\"25\",\"detected_isp\":\"SAKURA Internet Inc.\"}', NULL, NULL, NULL, NULL, '', 0, 5.00, '2019-09-04 19:01:45', NULL, NULL, 0, 1);
INSERT INTO `accounts` VALUES (75, 2, 'IR', 'Iran', '{\"smtp_server_inf\":\"tabriz.ir\",\"smtp_username\":\"financial@tabriz.ir\",\"smtp_userpass\":\"654321\",\"smtp_port\":\"25\",\"detected_isp\":\"Statistics and IT Organization Of Tabriz Municiaplity\"}', NULL, NULL, NULL, NULL, '', 0, 5.00, '2019-09-04 19:01:44', NULL, NULL, 0, 1);
INSERT INTO `accounts` VALUES (74, 2, 'IE', 'Ireland', '{\"smtp_server_inf\":\"mail.xln.co.uk\",\"smtp_username\":\"whfox@xln.co.uk\",\"smtp_userpass\":\"123456\",\"smtp_port\":\"25\",\"detected_isp\":\"Amazon.com, Inc.\"}', NULL, NULL, NULL, NULL, '', 0, 5.00, '2019-09-04 19:01:44', NULL, NULL, 0, 1);
INSERT INTO `accounts` VALUES (73, 2, 'BG', 'Bulgaria', '{\"smtp_server_inf\":\"mail.bg\",\"smtp_username\":\"starcity@mail.bg\",\"smtp_userpass\":\"123456\",\"smtp_port\":\"25\",\"detected_isp\":\"MAILBG\"}', NULL, NULL, NULL, NULL, '', 0, 5.00, '2019-09-04 19:01:44', NULL, NULL, 0, 1);
INSERT INTO `accounts` VALUES (69, 2, 'IE', 'Ireland', '{\"smtp_server_inf\":\"mail.xln.co.uk\",\"smtp_username\":\"whfox@xln.co.uk\",\"smtp_userpass\":\"123456\",\"smtp_port\":\"25\",\"detected_isp\":\"Amazon.com, Inc.\"}', NULL, NULL, NULL, NULL, '', 0, 10.00, '2019-09-04 18:37:28', NULL, NULL, 0, 1);
INSERT INTO `accounts` VALUES (70, 2, 'IR', 'Iran', '{\"smtp_server_inf\":\"tabriz.ir\",\"smtp_username\":\"financial@tabriz.ir\",\"smtp_userpass\":\"654321\",\"smtp_port\":\"25\",\"detected_isp\":\"Statistics and IT Organization Of Tabriz Municiaplity\"}', NULL, NULL, NULL, NULL, '', 0, 10.00, '2019-09-04 18:37:28', NULL, NULL, 0, 1);
INSERT INTO `accounts` VALUES (71, 2, 'JP', 'Japan', '{\"smtp_server_inf\":\"co-rpo.jp\",\"smtp_username\":\"info@co-rpo.jp\",\"smtp_userpass\":\"corpo1997\",\"smtp_port\":\"25\",\"detected_isp\":\"SAKURA Internet Inc.\"}', NULL, NULL, NULL, NULL, '', 0, 10.00, '2019-09-04 18:37:29', NULL, NULL, 0, 1);
INSERT INTO `accounts` VALUES (72, 2, 'CA', 'Canada', '{\"smtp_server_inf\":\"smtp.utoronto.ca\",\"smtp_username\":\"pfhr@utoronto.ca\",\"smtp_userpass\":\"pfhr2013\",\"smtp_port\":\"465\",\"detected_isp\":\"University of Toronto\"}', NULL, NULL, NULL, NULL, '', 0, 15.00, '2019-09-04 18:40:43', NULL, NULL, 0, 0);
INSERT INTO `accounts` VALUES (68, 2, 'BG', 'Bulgaria', '{\"smtp_server_inf\":\"mail.bg\",\"smtp_username\":\"starcity@mail.bg\",\"smtp_userpass\":\"123456\",\"smtp_port\":\"25\",\"detected_isp\":\"MAILBG\"}', NULL, NULL, NULL, NULL, '', 0, 10.00, '2019-09-04 18:37:28', NULL, NULL, 0, 1);
INSERT INTO `accounts` VALUES (67, 2, 'JP', 'Japan', '{\"smtp_server_inf\":\"co-rpo.jp\",\"smtp_username\":\"info@co-rpo.jp\",\"smtp_userpass\":\"corpo1997\",\"smtp_port\":\"25\",\"detected_isp\":\"SAKURA Internet Inc.\"}', NULL, NULL, NULL, NULL, '', 0, 5.00, '2019-09-04 18:31:32', NULL, NULL, 0, 1);
INSERT INTO `accounts` VALUES (77, 2, 'BG', 'Bulgaria', '{\"smtp_server_inf\":\"mail.bg\",\"smtp_username\":\"starcity@mail.bg\",\"smtp_userpass\":\"123456\",\"smtp_port\":\"25\",\"detected_isp\":\"MAILBG\"}', NULL, NULL, NULL, NULL, '', 0, 5.00, '2019-09-04 19:01:45', NULL, NULL, 0, 1);
INSERT INTO `accounts` VALUES (78, 2, 'IE', 'Ireland', '{\"smtp_server_inf\":\"mail.xln.co.uk\",\"smtp_username\":\"whfox@xln.co.uk\",\"smtp_userpass\":\"123456\",\"smtp_port\":\"25\",\"detected_isp\":\"Amazon.com, Inc.\"}', NULL, NULL, NULL, NULL, '', 0, 5.00, '2019-09-04 19:01:45', NULL, NULL, 0, 1);
INSERT INTO `accounts` VALUES (79, 2, 'IR', 'Iran', '{\"smtp_server_inf\":\"tabriz.ir\",\"smtp_username\":\"financial@tabriz.ir\",\"smtp_userpass\":\"654321\",\"smtp_port\":\"25\",\"detected_isp\":\"Statistics and IT Organization Of Tabriz Municiaplity\"}', NULL, NULL, NULL, NULL, '', 0, 5.00, '2019-09-04 19:01:46', NULL, NULL, 0, 1);
INSERT INTO `accounts` VALUES (80, 2, 'JP', 'Japan', '{\"smtp_server_inf\":\"co-rpo.jp\",\"smtp_username\":\"info@co-rpo.jp\",\"smtp_userpass\":\"corpo1997\",\"smtp_port\":\"25\",\"detected_isp\":\"SAKURA Internet Inc.\"}', NULL, NULL, NULL, NULL, '', 0, 5.00, '2019-09-04 19:01:46', NULL, NULL, 0, 0);
INSERT INTO `accounts` VALUES (81, 2, 'BG', 'Bulgaria', '{\"smtp_server_inf\":\"mail.bg\",\"smtp_username\":\"starcity@mail.bg\",\"smtp_userpass\":\"123456\",\"smtp_port\":\"25\",\"detected_isp\":\"MAILBG\"}', NULL, NULL, NULL, NULL, '', 0, 5.00, '2019-09-04 19:02:02', NULL, NULL, 0, 0);
INSERT INTO `accounts` VALUES (82, 2, 'IE', 'Ireland', '{\"smtp_server_inf\":\"mail.xln.co.uk\",\"smtp_username\":\"whfox@xln.co.uk\",\"smtp_userpass\":\"123456\",\"smtp_port\":\"25\",\"detected_isp\":\"Amazon.com, Inc.\"}', NULL, NULL, NULL, NULL, '', 0, 5.00, '2019-09-04 19:02:02', NULL, NULL, 0, 0);
INSERT INTO `accounts` VALUES (83, 2, 'IR', 'Iran', '{\"smtp_server_inf\":\"tabriz.ir\",\"smtp_username\":\"financial@tabriz.ir\",\"smtp_userpass\":\"654321\",\"smtp_port\":\"25\",\"detected_isp\":\"Statistics and IT Organization Of Tabriz Municiaplity\"}', NULL, NULL, NULL, NULL, '', 0, 5.00, '2019-09-04 19:02:03', NULL, NULL, 0, 0);
INSERT INTO `accounts` VALUES (84, 2, 'JP', 'Japan', '{\"smtp_server_inf\":\"co-rpo.jp\",\"smtp_username\":\"info@co-rpo.jp\",\"smtp_userpass\":\"corpo1997\",\"smtp_port\":\"25\",\"detected_isp\":\"SAKURA Internet Inc.\"}', NULL, NULL, NULL, NULL, '', 0, 5.00, '2019-09-04 19:02:03', NULL, NULL, 0, 0);
INSERT INTO `accounts` VALUES (85, 2, 'BG', 'Bulgaria', '{\"smtp_server_inf\":\"mail.bg\",\"smtp_username\":\"starcity@mail.bg\",\"smtp_userpass\":\"123456\",\"smtp_port\":\"25\",\"detected_isp\":\"MAILBG\"}', NULL, NULL, NULL, NULL, '', 0, 5.00, '2019-09-04 19:02:04', NULL, NULL, 0, 0);
INSERT INTO `accounts` VALUES (86, 2, 'IE', 'Ireland', '{\"smtp_server_inf\":\"mail.xln.co.uk\",\"smtp_username\":\"whfox@xln.co.uk\",\"smtp_userpass\":\"123456\",\"smtp_port\":\"25\",\"detected_isp\":\"Amazon.com, Inc.\"}', NULL, NULL, NULL, NULL, '', 0, 5.00, '2019-09-04 19:02:04', NULL, NULL, 0, 0);
INSERT INTO `accounts` VALUES (87, 2, 'IR', 'Iran', '{\"smtp_server_inf\":\"tabriz.ir\",\"smtp_username\":\"financial@tabriz.ir\",\"smtp_userpass\":\"654321\",\"smtp_port\":\"25\",\"detected_isp\":\"Statistics and IT Organization Of Tabriz Municiaplity\"}', NULL, NULL, NULL, NULL, '', 0, 5.00, '2019-09-04 19:02:04', NULL, NULL, 0, 0);
INSERT INTO `accounts` VALUES (88, 2, 'JP', 'Japan', '{\"smtp_server_inf\":\"co-rpo.jp\",\"smtp_username\":\"info@co-rpo.jp\",\"smtp_userpass\":\"corpo1997\",\"smtp_port\":\"25\",\"detected_isp\":\"SAKURA Internet Inc.\"}', NULL, NULL, NULL, NULL, '', 0, 5.00, '2019-09-04 19:02:05', NULL, NULL, 0, 0);
INSERT INTO `accounts` VALUES (89, 2, 'BG', 'Bulgaria', '{\"smtp_server_inf\":\"mail.bg\",\"smtp_username\":\"starcity@mail.bg\",\"smtp_userpass\":\"123456\",\"smtp_port\":\"25\",\"detected_isp\":\"MAILBG\"}', NULL, NULL, NULL, NULL, '', 0, 5.00, '2019-09-04 19:02:28', NULL, NULL, 0, 0);
INSERT INTO `accounts` VALUES (90, 2, 'IE', 'Ireland', '{\"smtp_server_inf\":\"mail.xln.co.uk\",\"smtp_username\":\"whfox@xln.co.uk\",\"smtp_userpass\":\"123456\",\"smtp_port\":\"25\",\"detected_isp\":\"Amazon.com, Inc.\"}', NULL, NULL, NULL, NULL, '', 0, 5.00, '2019-09-04 19:02:28', NULL, NULL, 0, 0);
INSERT INTO `accounts` VALUES (91, 2, 'IR', 'Iran', '{\"smtp_server_inf\":\"tabriz.ir\",\"smtp_username\":\"financial@tabriz.ir\",\"smtp_userpass\":\"654321\",\"smtp_port\":\"25\",\"detected_isp\":\"Statistics and IT Organization Of Tabriz Municiaplity\"}', NULL, NULL, NULL, NULL, '', 0, 5.00, '2019-09-04 19:02:29', NULL, NULL, 0, 0);
INSERT INTO `accounts` VALUES (92, 2, 'JP', 'Japan', '{\"smtp_server_inf\":\"co-rpo.jp\",\"smtp_username\":\"info@co-rpo.jp\",\"smtp_userpass\":\"corpo1997\",\"smtp_port\":\"25\",\"detected_isp\":\"SAKURA Internet Inc.\"}', NULL, NULL, NULL, NULL, '', 0, 5.00, '2019-09-04 19:02:29', NULL, NULL, 0, 0);
INSERT INTO `accounts` VALUES (93, 2, 'CA', 'Canada', '{\"smtp_server_inf\":\"smtp.utoronto.ca\",\"smtp_username\":\"pfhr@utoronto.ca\",\"smtp_userpass\":\"pfhr2013\",\"smtp_port\":\"465(ssl)\",\"detected_isp\":\"University of Toronto\"}', NULL, NULL, NULL, NULL, '', 0, 10.00, '2019-09-04 23:29:47', NULL, NULL, 0, 0);
INSERT INTO `accounts` VALUES (94, 2, 'US', 'United States', '{\"smtp_server_inf\":\"tapschristianacademy.org\",\"smtp_username\":\"taps@tapschristianacademy.org\",\"smtp_userpass\":\"taps2007\",\"smtp_port\":\"25\",\"detected_isp\":\"SingleHop LLC\"}', NULL, NULL, NULL, NULL, '', 0, 10.00, '2019-09-04 23:29:48', NULL, NULL, 0, 0);
INSERT INTO `accounts` VALUES (95, 2, 'US', 'United States', '{\"smtp_server_inf\":\"proyectosanfrancisco.com\",\"smtp_username\":\"info@proyectosanfrancisco.com\",\"smtp_userpass\":\"king1337\",\"smtp_port\":\"25\",\"detected_isp\":\"WEBSITEWELCOME.COM\"}', NULL, NULL, NULL, NULL, '', 0, 10.00, '2019-09-04 23:29:49', NULL, NULL, 0, 0);
INSERT INTO `accounts` VALUES (96, 2, 'GB', 'United Kingdom', '{\"smtp_server_inf\":\"mail.artnrshinga.com\",\"smtp_username\":\"info@artnrshinga.com\",\"smtp_userpass\":\"info001\",\"smtp_port\":\"465\",\"detected_isp\":\"Host Europe GmbH\"}', NULL, NULL, NULL, NULL, '', 0, 10.00, '2019-09-04 23:29:50', NULL, NULL, 0, 0);
INSERT INTO `accounts` VALUES (97, 2, 'TR', 'Turkey', '{\"smtp_server_inf\":\"biletadasi.com\",\"smtp_username\":\"admin@biletadasi.com\",\"smtp_userpass\":\"hun73rsmtp\",\"smtp_port\":\"25\",\"detected_isp\":\"Trnet\"}', NULL, NULL, NULL, NULL, '', 0, 10.00, '2019-09-04 23:29:52', NULL, NULL, 0, 0);

-- ----------------------------
-- Table structure for auto_refunded
-- ----------------------------
DROP TABLE IF EXISTS `auto_refunded`;
CREATE TABLE `auto_refunded`  (
  `refunded_id` int(6) NOT NULL AUTO_INCREMENT,
  `card_id` int(6) NOT NULL,
  `user_name` varchar(30) CHARACTER SET latin1 COLLATE latin1_swedish_ci NOT NULL,
  `date` varchar(30) CHARACTER SET latin1 COLLATE latin1_swedish_ci NOT NULL,
  `before_balance` decimal(10, 2) NOT NULL,
  `price` decimal(10, 2) NOT NULL,
  `after_balance` decimal(10, 2) NOT NULL,
  `tipi` varchar(30) CHARACTER SET latin1 COLLATE latin1_swedish_ci NOT NULL,
  PRIMARY KEY (`refunded_id`) USING BTREE,
  UNIQUE INDEX `refunded_id`(`refunded_id`) USING BTREE,
  INDEX `refunded_id_2`(`refunded_id`) USING BTREE
) ENGINE = MyISAM AUTO_INCREMENT = 1 CHARACTER SET = latin1 COLLATE = latin1_swedish_ci ROW_FORMAT = Dynamic;

-- ----------------------------
-- Table structure for btc
-- ----------------------------
DROP TABLE IF EXISTS `btc`;
CREATE TABLE `btc`  (
  `order_id` int(20) NOT NULL AUTO_INCREMENT,
  `user_id` int(20) NULL DEFAULT NULL,
  `addres` text CHARACTER SET latin1 COLLATE latin1_swedish_ci NULL,
  `hash` text CHARACTER SET latin1 COLLATE latin1_swedish_ci NULL,
  `usd` decimal(10, 2) NULL DEFAULT NULL,
  `btc` varchar(255) CHARACTER SET latin1 COLLATE latin1_swedish_ci NULL DEFAULT NULL,
  `date` datetime(0) NULL DEFAULT CURRENT_TIMESTAMP(0),
  `status` enum('pending','completed') CHARACTER SET latin1 COLLATE latin1_swedish_ci NULL DEFAULT NULL,
  PRIMARY KEY (`order_id`) USING BTREE
) ENGINE = MyISAM AUTO_INCREMENT = 5 CHARACTER SET = latin1 COLLATE = latin1_swedish_ci ROW_FORMAT = Dynamic;

-- ----------------------------
-- Records of btc
-- ----------------------------
INSERT INTO `btc` VALUES (1, 10018, '15EAV3yPob5sM5Q8GR77SYp3u126GDNvrg', NULL, 5.00, '0.00052358', '2019-09-01 04:23:23', 'pending');
INSERT INTO `btc` VALUES (2, 10018, '1FzKstsbxyTtUmz9gX1usp6nCjW9uZfQH1', NULL, 5.00, '0.00052358', '2019-09-01 04:23:57', 'completed');
INSERT INTO `btc` VALUES (3, 10018, '12y2R9MWuzXN1Hkad29udtRVTJSdeEUYra', NULL, 0.01, '1.05E-6', '2019-09-01 04:29:51', 'pending');
INSERT INTO `btc` VALUES (4, 10014, '1K9VAg1gGMUEe6REn2feJB5cmaoDbu4RP8', NULL, 0.05, '5.2E-6', '2019-09-01 06:26:26', 'pending');

-- ----------------------------
-- Table structure for category
-- ----------------------------
DROP TABLE IF EXISTS `category`;
CREATE TABLE `category`  (
  `id` int(11) NOT NULL AUTO_INCREMENT,
  `name` varchar(255) CHARACTER SET utf8 COLLATE utf8_general_ci NULL DEFAULT NULL,
  `visible` int(1) NULL DEFAULT 1,
  `created_at` varchar(50) CHARACTER SET utf8 COLLATE utf8_general_ci NULL DEFAULT NULL,
  PRIMARY KEY (`id`) USING BTREE
) ENGINE = InnoDB AUTO_INCREMENT = 11 CHARACTER SET = utf8 COLLATE = utf8_general_ci ROW_FORMAT = Compact;

-- ----------------------------
-- Records of category
-- ----------------------------
INSERT INTO `category` VALUES (1, 'smtpIp', 1, NULL);
INSERT INTO `category` VALUES (2, 'smtpDomain', 1, NULL);
INSERT INTO `category` VALUES (3, 'leads', 1, NULL);
INSERT INTO `category` VALUES (4, 'rdps', 1, NULL);
INSERT INTO `category` VALUES (5, 'sshs', 1, NULL);
INSERT INTO `category` VALUES (6, 'cpanels', 1, NULL);
INSERT INTO `category` VALUES (7, 'shells', 1, NULL);
INSERT INTO `category` VALUES (8, 'phpmailer', 1, NULL);
INSERT INTO `category` VALUES (9, 'smtps', 1, NULL);
INSERT INTO `category` VALUES (10, 'other_programs', 1, NULL);

-- ----------------------------
-- Table structure for members
-- ----------------------------
DROP TABLE IF EXISTS `members`;
CREATE TABLE `members`  (
  `user_id` int(11) NOT NULL AUTO_INCREMENT,
  `user_name` varchar(32) CHARACTER SET utf8 COLLATE utf8_unicode_ci NULL DEFAULT '',
  `pass` varchar(32) CHARACTER SET utf8 COLLATE utf8_unicode_ci NULL DEFAULT '',
  `email` varchar(255) CHARACTER SET utf8 COLLATE utf8_unicode_ci NULL DEFAULT '',
  `regIP` varchar(15) CHARACTER SET utf8 COLLATE utf8_unicode_ci NULL DEFAULT '',
  `checker_email` varchar(255) CHARACTER SET utf8 COLLATE utf8_unicode_ci NULL DEFAULT NULL,
  `dt` datetime(0) NULL,
  `lastlogin_time` varchar(30) CHARACTER SET utf8 COLLATE utf8_unicode_ci NULL DEFAULT NULL,
  `krediti` decimal(10, 2) NULL DEFAULT 0.00,
  `last_login_ip` varchar(100) CHARACTER SET utf8 COLLATE utf8_unicode_ci NULL DEFAULT NULL,
  `amount_purchased` int(6) NULL DEFAULT NULL,
  `amount_refunds` int(6) NULL DEFAULT NULL,
  `super` int(3) NULL DEFAULT 0,
  `active` int(1) NOT NULL DEFAULT 1,
  `rules` enum('0','1') CHARACTER SET utf8 COLLATE utf8_unicode_ci NOT NULL DEFAULT '0',
  `sidebar_color` varchar(50) CHARACTER SET utf8 COLLATE utf8_unicode_ci NULL DEFAULT 'rose',
  `sidebar_back_color` varchar(50) CHARACTER SET utf8 COLLATE utf8_unicode_ci NULL DEFAULT 'black',
  `sidebar_back_image` varchar(50) CHARACTER SET utf8 COLLATE utf8_unicode_ci NULL DEFAULT 'sidebar-1.jpg',
  PRIMARY KEY (`user_id`) USING BTREE,
  UNIQUE INDEX `user_id`(`user_id`) USING BTREE,
  UNIQUE INDEX `usr`(`user_name`) USING BTREE,
  INDEX `user_name`(`user_name`) USING BTREE,
  INDEX `user_name_2`(`user_name`) USING BTREE,
  INDEX `user_id_2`(`user_id`) USING BTREE
) ENGINE = MyISAM AUTO_INCREMENT = 10019 CHARACTER SET = utf8 COLLATE = utf8_unicode_ci ROW_FORMAT = Dynamic;

-- ----------------------------
-- Records of members
-- ----------------------------
INSERT INTO `members` VALUES (4, 'c0d3', 'eaf31b5c8773e49169c4cb5fae85844b', 'blackalbania@gmail.com', '185.120.36.146', NULL, '2019-02-16 07:44:57', NULL, 0.00, '', NULL, NULL, 11, 1, '1', NULL, NULL, NULL);
INSERT INTO `members` VALUES (247, 'dereksteve88', '30d21056c8edad906af3a8684e749967', 'derek.steve88@yahoo.com', '41.190.31.204', NULL, '2019-03-04 23:48:33', NULL, 0.00, '', NULL, NULL, 0, 1, '1', NULL, NULL, NULL);
INSERT INTO `members` VALUES (5, 'yourclient', '7307d04e299db5ecaaa53ed0abb0ee25', 'protoolx4u@gmail.com', '154.160.25.160', NULL, '2019-02-16 08:05:55', NULL, 10.00, '', NULL, NULL, 11, 1, '1', NULL, NULL, NULL);
INSERT INTO `members` VALUES (246, 'Ahsankhaan', '652ecd18249d372c44ff3065217e718d', 'ahsankhawn934@gmail.com', '182.185.121.199', NULL, '2019-03-04 23:03:45', NULL, 0.00, '', NULL, NULL, 0, 1, '1', NULL, NULL, NULL);
INSERT INTO `members` VALUES (245, 'bogoss777', 'e1613a05dcc1d9c6a32dcf647a381242', 'prince.hiram22@gmail.com', '194.99.106.22', NULL, '2019-03-04 21:01:42', NULL, 0.00, '', NULL, NULL, 0, 1, '1', NULL, NULL, NULL);
INSERT INTO `members` VALUES (8, 'test1', 'eaf31b5c8773e49169c4cb5fae85844b', 'ksada2@gmail.com', '185.120.36.146', NULL, '2019-02-17 15:37:04', NULL, 0.00, '', NULL, NULL, 0, 1, '1', NULL, NULL, NULL);
INSERT INTO `members` VALUES (9, 'tuna', '7815ddf4f789695b06c42b55668f7981', 'tuna123@gmail.com', '104.254.93.197', NULL, '2019-02-21 15:58:08', NULL, 0.00, '', NULL, NULL, 0, 1, '1', NULL, NULL, NULL);
INSERT INTO `members` VALUES (10, 'login786', '2171db75556b1c6f6b2e315d14b6a325', 'kumarsharad611@gmail.com', '106.205.35.129', NULL, '2019-02-23 16:51:04', NULL, 0.00, '', NULL, NULL, 0, 1, '1', NULL, NULL, NULL);
INSERT INTO `members` VALUES (11, 'dasafcxf', '7266e20b37f80be26711cd16fddc8773', 'dasafcxf@yahoo.com', '154.238.25.209', NULL, '2019-02-23 17:20:22', NULL, 0.00, '', NULL, NULL, 0, 1, '1', NULL, NULL, NULL);
INSERT INTO `members` VALUES (12, 'coolkelv', 'c474e4e5c72b930d0801098853b9f2ac', 'coolkelvinfred@gmail.com', '5.178.177.94', NULL, '2019-02-23 17:54:44', NULL, 0.00, '', NULL, NULL, 0, 1, '1', NULL, NULL, NULL);
INSERT INTO `members` VALUES (13, 'chizymix', '744c84c90f311eca9baae6e6327232ea', 'chizymix@yahoo.com', '129.56.26.171', NULL, '2019-02-23 19:25:31', NULL, 0.00, '', NULL, NULL, 0, 1, '1', NULL, NULL, NULL);
INSERT INTO `members` VALUES (14, 'fashty', '93ae249e97d995ff6fbc05749a44da89', 'fashsam2015@gmail.com', '41.203.78.154', NULL, '2019-02-23 19:28:29', NULL, 0.00, '', NULL, NULL, 0, 1, '1', NULL, NULL, NULL);
INSERT INTO `members` VALUES (15, 'Colehodugwu', 'a816ec821ce6ee47ef8b9a1fe09f2921', 'Colehodugwu@jefbe.com', '105.112.21.43', NULL, '2019-02-23 19:40:11', NULL, 0.00, '', NULL, NULL, 0, 1, '1', NULL, NULL, NULL);
INSERT INTO `members` VALUES (16, 'humphrey1000', '3940dbc442563c4538803aa69468750c', 'humphreyhumphreydman@yahoo.com', '189.216.85.50', NULL, '2019-02-23 19:59:58', NULL, 0.00, '', NULL, NULL, 0, 1, '1', NULL, NULL, NULL);
INSERT INTO `members` VALUES (17, 'agnaldo2019', '4322f5b9a72aadb47e97b62e20c16247', 'a-brito-amorim@bol.com.br', '201.86.185.190', NULL, '2019-02-23 20:03:12', NULL, 0.00, '', NULL, NULL, 0, 1, '1', NULL, NULL, NULL);
INSERT INTO `members` VALUES (18, 'winter09', 'a8751115e0eecaed1eb1652c889f7e29', 'quamchin@yahoo.com', '78.250.131.244', NULL, '2019-02-23 20:13:19', NULL, 0.00, '', NULL, NULL, 0, 1, '1', NULL, NULL, NULL);
INSERT INTO `members` VALUES (19, 'T.boi3', '7d7f5dc40971c143c5a2c0e4916e1897', 'serverupdate@yahoo.com', '169.239.194.146', NULL, '2019-02-23 21:47:08', NULL, 0.00, '', NULL, NULL, 0, 1, '1', NULL, NULL, NULL);
INSERT INTO `members` VALUES (20, 'talk2apa', '24f454e15f60ca1bacf2078c07363f4e', 'checkallmail@mail.com', '129.56.57.99', NULL, '2019-02-23 23:16:25', NULL, 0.00, '', NULL, NULL, 0, 1, '1', NULL, NULL, NULL);
INSERT INTO `members` VALUES (21, 'williamsleo', '51bc030e4adace83e4020467cfc2f137', 'digitalwarzone@yandex.com', '94.237.28.110', NULL, '2019-02-23 23:33:42', NULL, 2.00, '', NULL, NULL, 0, 1, '1', NULL, NULL, NULL);
INSERT INTO `members` VALUES (22, 'davorin.kapac', '0f2a7cb87f96698bce5abd1fa46788ab', 'davorin.kapac@ic-intracom.com', '125.165.63.54', NULL, '2019-02-24 03:58:16', NULL, 0.00, '', NULL, NULL, 0, 1, '1', NULL, NULL, NULL);
INSERT INTO `members` VALUES (23, 'rootjoy', '83a260b50f0aeef1415699c92928e316', 'rootjoy2016@gmail.com', '83.245.229.30', NULL, '2019-02-24 06:32:59', NULL, 0.00, '', NULL, NULL, 0, 1, '1', NULL, NULL, NULL);
INSERT INTO `members` VALUES (24, 'Jdsouza', 'a4cd15cb9294bc10de3252ff70e3fb06', 'singhvw3@gmail.com', '168.187.91.178', NULL, '2019-02-24 08:40:08', NULL, 0.00, '', NULL, NULL, 0, 1, '1', NULL, NULL, NULL);
INSERT INTO `members` VALUES (25, 'Newzico', 'b588cedb4796d66e77b26cdf099dc822', 'hockeryjays@gmail.com', '172.98.93.170', NULL, '2019-02-24 08:41:45', NULL, 0.00, '', NULL, NULL, 0, 1, '1', NULL, NULL, NULL);
INSERT INTO `members` VALUES (26, 'philip_wayne', '00624c9ebbb06faf72f77bc4a5f495cf', 'clarkrichardson12@gmail.com', '41.203.78.155', NULL, '2019-02-24 11:00:18', NULL, 0.00, '', NULL, NULL, 0, 1, '1', NULL, NULL, NULL);
INSERT INTO `members` VALUES (27, 'chacoline', '01c0cfd0db8cf928c7d25a7ce542ec46', 'box30999@gmail.com', '197.210.227.131', NULL, '2019-02-24 11:15:30', NULL, 0.00, '', NULL, NULL, 0, 1, '1', NULL, NULL, NULL);
INSERT INTO `members` VALUES (28, 'leechung', '0d726b0365dd3d41c25f3b08914b079c', 'leechung111@yahoo.com', '23.92.211.17', NULL, '2019-02-24 11:21:31', NULL, 0.00, '', NULL, NULL, 0, 1, '1', NULL, NULL, NULL);
INSERT INTO `members` VALUES (29, 'kmer237', '30743d9e44ff8ccbf084618ba1c0d77b', 'komalix01@outlook.com', '154.72.167.48', NULL, '2019-02-24 12:24:46', NULL, 0.00, '', NULL, NULL, 0, 1, '1', NULL, NULL, NULL);
INSERT INTO `members` VALUES (30, 'onochie123', '827ecd9c2540f7d8648bd27097f5f75a', 'onoch@outlook.com', '154.118.72.140', NULL, '2019-02-24 13:12:19', NULL, 0.00, '', NULL, NULL, 0, 1, '1', NULL, NULL, NULL);
INSERT INTO `members` VALUES (31, 'ehistony', '6556ef894a9914f3b7979824d8e331cc', 'ehistonyirena@gmail.com', '91.140.88.202', NULL, '2019-02-24 13:15:56', NULL, 0.00, '', NULL, NULL, 0, 1, '1', NULL, NULL, NULL);
INSERT INTO `members` VALUES (32, 'jubrilmastermind', '5278dd3633e7d13d12090b1209622259', 'jubrilmastermind@gmail.com', '197.210.55.169', NULL, '2019-02-24 14:11:26', NULL, 0.00, '', NULL, NULL, 0, 1, '1', NULL, NULL, NULL);
INSERT INTO `members` VALUES (33, 'HowardBruno', '40ab7ca788ad8c15447d2b86a90bc8fd', 'susancarpanter@hotmail.com', '95.7.175.166', NULL, '2019-02-24 15:15:26', NULL, 0.00, '', NULL, NULL, 0, 1, '1', NULL, NULL, NULL);
INSERT INTO `members` VALUES (34, 'gmprealestate', '40ab7ca788ad8c15447d2b86a90bc8fd', 'susancarpanter@hotmail.com', '95.7.175.166', NULL, '2019-02-24 15:17:04', NULL, 0.00, '', NULL, NULL, 0, 1, '1', NULL, NULL, NULL);
INSERT INTO `members` VALUES (35, 'Jhay', 'a46e20db4f38de48f1d50369ca76a4f7', 'Pacific-tradehome@outlook.com', '160.19.36.17', NULL, '2019-02-24 15:25:00', NULL, 0.00, '', NULL, NULL, 0, 1, '1', NULL, NULL, NULL);
INSERT INTO `members` VALUES (36, 'hijixojuv', '8a38e167936477f3459efbab42300654', 'hijixojuv@nextmail.info', '5.62.62.46', NULL, '2019-02-24 15:32:59', NULL, 0.00, '', NULL, NULL, 0, 1, '1', NULL, NULL, NULL);
INSERT INTO `members` VALUES (37, 'ross3286', '07ba5f85e25a39687ea3fc1dd61ca488', 'ross_thetribe@yahoo.com', '102.134.112.209', NULL, '2019-02-24 15:45:50', NULL, 0.00, '', NULL, NULL, 0, 1, '1', NULL, NULL, NULL);
INSERT INTO `members` VALUES (38, 'Sales01', 'da4fd71c39df816c186874e4b42a93d5', 'salescontain12@gmail.com', '154.118.30.74', NULL, '2019-02-24 15:47:16', NULL, 0.00, '', NULL, NULL, 0, 1, '1', NULL, NULL, NULL);
INSERT INTO `members` VALUES (39, 'arabprinz', 'acfa65a4f43c82a085076121d4fa40f1', 'arab.prinz@yahoo.com', '105.112.16.244', NULL, '2019-02-24 16:19:16', NULL, 0.00, '', NULL, NULL, 0, 1, '1', NULL, NULL, NULL);
INSERT INTO `members` VALUES (40, 'Abenbe12', '45f6a3830307f1369e1011ed32f3cd11', 'j4delivery@yahoo.com', '154.118.56.28', NULL, '2019-02-24 16:35:57', NULL, 0.00, '', NULL, NULL, 0, 1, '1', NULL, NULL, NULL);
INSERT INTO `members` VALUES (41, 'paulo', '3114020fdf722a644c1c96c6cb0a514b', 'profpaulo@bol.com.br', '179.104.202.19', NULL, '2019-02-24 16:50:19', NULL, 0.00, '', NULL, NULL, 0, 1, '1', NULL, NULL, NULL);
INSERT INTO `members` VALUES (42, 'gentle08', '08c16d2fc63219d52d3ec41baaecc0e6', 'gentle@capriofiles.com', '194.99.104.30', NULL, '2019-02-24 17:02:08', NULL, 0.00, '', NULL, NULL, 0, 1, '1', NULL, NULL, NULL);
INSERT INTO `members` VALUES (43, 'kwango', 'c8e2d2658c91e448cecb91a092ce7f02', 'henry.afrik@gmail.com', '41.190.31.109', NULL, '2019-02-24 20:29:22', NULL, 3.00, '', NULL, NULL, 0, 1, '1', NULL, NULL, NULL);
INSERT INTO `members` VALUES (44, 'a2z213', 'e0230c8258550cbdb162ea4a520e005a', 'dafroman2113@yahoo.com', '41.190.3.221', NULL, '2019-02-24 20:54:34', NULL, 0.00, '', NULL, NULL, 0, 1, '1', NULL, NULL, NULL);
INSERT INTO `members` VALUES (45, 'bayu173', 'aced6f3e7ab757f4d8361639081aef9c', 'mikej8375@gmail.com', '154.120.94.208', NULL, '2019-02-24 21:24:31', NULL, 0.00, '', NULL, NULL, 0, 1, '1', NULL, NULL, NULL);
INSERT INTO `members` VALUES (46, 'apisiylo', 'a0be904061f454af0894ba214425ce2b', 'apisiylo11@outlook.com', '41.203.78.153', NULL, '2019-02-24 21:41:58', NULL, 0.00, '', NULL, NULL, 0, 1, '1', NULL, NULL, NULL);
INSERT INTO `members` VALUES (47, 'c0d33', 'eaf31b5c8773e49169c4cb5fae85844b', 'c0d33@gmail.com', '185.120.36.146', NULL, '2019-02-24 21:59:48', NULL, 0.00, '', NULL, NULL, 0, 1, '1', NULL, NULL, NULL);
INSERT INTO `members` VALUES (48, 'robertjp', '7d62a69fa618297d267a436771967026', 'krissyspect@yahoo.com', '41.58.121.78', NULL, '2019-02-24 22:59:06', NULL, 0.00, '', NULL, NULL, 0, 1, '1', NULL, NULL, NULL);
INSERT INTO `members` VALUES (49, 'savi007', '4e2c65981e8e9a188194e456bd5e4a98', 'cchyneezwash@hotmail.com', '105.112.18.23', NULL, '2019-02-24 23:13:40', NULL, 40.00, '', NULL, NULL, 0, 1, '1', NULL, NULL, NULL);
INSERT INTO `members` VALUES (50, '1euro', '7e2f447e818796ba08605088ac088749', '1euro.online@gmail.com', '81.43.222.1', NULL, '2019-02-24 23:48:24', NULL, 0.00, '', NULL, NULL, 0, 1, '1', NULL, NULL, NULL);
INSERT INTO `members` VALUES (51, 'klaw2611', '3dfab56f0645b79e1ac992f65f924e8f', 'mnhncl@hi2.in', '49.32.18.4', NULL, '2019-02-25 01:07:15', NULL, 0.00, '', NULL, NULL, 0, 1, '1', NULL, NULL, NULL);
INSERT INTO `members` VALUES (52, 'blackportt', 'aced6f3e7ab757f4d8361639081aef9c', 'bettypeace08@gmail.com', '105.112.44.14', NULL, '2019-02-25 05:32:20', NULL, 0.00, '', NULL, NULL, 0, 1, '1', NULL, NULL, NULL);
INSERT INTO `members` VALUES (53, 'mobizamani', 'b998934cb1acf32c47e407876a573809', 'hfinancedept@gmail.com', '154.120.90.223', NULL, '2019-02-25 07:14:58', NULL, 0.00, '', NULL, NULL, 0, 1, '1', NULL, NULL, NULL);
INSERT INTO `members` VALUES (54, 'vannessa', '9a027e0bedaaef7622cb81d20ba575ba', 'carolinejackson@gmail.com', '129.205.113.46', NULL, '2019-02-25 08:08:31', NULL, 0.00, '', NULL, NULL, 0, 1, '1', NULL, NULL, NULL);
INSERT INTO `members` VALUES (55, 'whobefool100', '978ff60ba2d47f05668ee3d0755bc5cf', 'whobefool100@gmail.com', '105.4.2.11', NULL, '2019-02-25 08:30:57', NULL, 0.00, '', NULL, NULL, 0, 1, '1', NULL, NULL, NULL);
INSERT INTO `members` VALUES (56, 'lwilliams_10', '710aa50c11871ab43a518afa4fac4b37', 'lwilliams_10@yahoo.com', '129.205.113.44', NULL, '2019-02-25 08:44:31', NULL, 0.00, '', NULL, NULL, 0, 1, '1', NULL, NULL, NULL);
INSERT INTO `members` VALUES (57, 'buybold', '80a9183924401067f4cbdc98b433586d', 'eben35k@yahoo.com', '154.120.100.98', NULL, '2019-02-25 08:55:40', NULL, 0.00, '', NULL, NULL, 0, 1, '1', NULL, NULL, NULL);
INSERT INTO `members` VALUES (58, 'rae224', 'e48047371d6cf9e6373d7e3b8e74d7f1', 'raeterry4@yahoo.com', '129.56.28.148', NULL, '2019-02-25 08:59:48', NULL, 0.00, '', NULL, NULL, 0, 1, '1', NULL, NULL, NULL);
INSERT INTO `members` VALUES (59, 'Tushar', '0f89f9e1c98b458df207463f52b28856', 'Tushar.tanwar3@gmail.com', '42.111.37.7', NULL, '2019-02-25 09:22:51', NULL, 0.00, '', NULL, NULL, 0, 1, '1', NULL, NULL, NULL);
INSERT INTO `members` VALUES (60, 'Gucciffer', '543d3be8f255baf8b845a483f7bca55f', 'sapura11@outlook.com', '160.152.45.1', NULL, '2019-02-25 09:32:58', NULL, 0.00, '', NULL, NULL, 0, 1, '1', NULL, NULL, NULL);
INSERT INTO `members` VALUES (61, 'edwin123', '543d3be8f255baf8b845a483f7bca55f', 'sapura11@outlook.com', '160.152.45.1', NULL, '2019-02-25 09:39:06', NULL, 0.00, '', NULL, NULL, 0, 1, '1', NULL, NULL, NULL);
INSERT INTO `members` VALUES (62, 'lordpaper', '7aca4a8e549d776cd5847fa11863a69e', 'youngvixx@yahoo.com', '129.56.80.149', NULL, '2019-02-25 09:43:29', NULL, 0.00, '', NULL, NULL, 0, 1, '1', NULL, NULL, NULL);
INSERT INTO `members` VALUES (63, 'steven1', 'f09eb1f4f687db182cdd933d58feea49', 'dorrellian@yahoo.com', '154.120.78.30', NULL, '2019-02-25 11:17:49', NULL, 0.00, '', NULL, NULL, 0, 1, '1', NULL, NULL, NULL);
INSERT INTO `members` VALUES (64, 'Oluwaseun1011', '5d807268030d97c4c0a5579a461c6163', 'workoffice566@yahoo.com', '105.112.36.9', NULL, '2019-02-25 11:18:44', NULL, 0.00, '', NULL, NULL, 0, 1, '1', NULL, NULL, NULL);
INSERT INTO `members` VALUES (65, 'haykay', '75cc9503d8f52becd47d12375add0d46', 'smilessmiths@gmail.com', '105.112.16.10', NULL, '2019-02-25 14:07:47', NULL, 0.00, '', NULL, NULL, 0, 1, '1', NULL, NULL, NULL);
INSERT INTO `members` VALUES (66, 'victorb', 'df879d4e35a5a5d5a248ef224630a1d7', 'henryjack1123@outlook.com', '185.245.87.190', NULL, '2019-02-25 14:53:28', NULL, 0.00, '', NULL, NULL, 0, 1, '1', NULL, NULL, NULL);
INSERT INTO `members` VALUES (67, 'm33t3ma', '6d5239b53dc0e92c27009f35fddeb615', 'yaolimited@gmail.com', '41.85.161.135', NULL, '2019-02-25 15:10:47', NULL, 0.00, '', NULL, NULL, 0, 1, '1', NULL, NULL, NULL);
INSERT INTO `members` VALUES (68, 'ao23456789bnm', 'c12900b008c2e43a07f35c25fcacd6ff', 'ao23456789bnm@gmail.com', '37.120.153.139', NULL, '2019-02-25 15:58:51', NULL, 0.00, '', NULL, NULL, 0, 1, '1', NULL, NULL, NULL);
INSERT INTO `members` VALUES (69, 'onelovegirl', '610f7512fdf91b2e00543e1ba221544c', 'Peterda222@gmail.com', '37.173.49.57', NULL, '2019-02-25 16:04:37', NULL, 0.00, '', NULL, NULL, 0, 1, '1', NULL, NULL, NULL);
INSERT INTO `members` VALUES (70, 'anihjnr', '7e4e942a271097c054468b2195b41bb4', 'terryempty@gmail.com', '41.190.3.96', NULL, '2019-02-25 16:11:01', NULL, 0.00, '', NULL, NULL, 0, 1, '1', NULL, NULL, NULL);
INSERT INTO `members` VALUES (71, 'master231', '0be50101c8f9875748fa548793ad5c7a', 'prof.obodo@protonmail.com', '95.154.201.163', NULL, '2019-02-25 16:53:13', NULL, 0.00, '', NULL, NULL, 0, 1, '1', NULL, NULL, NULL);
INSERT INTO `members` VALUES (72, 'kunlala', 'f193ebc851366da54bc2b7ad0400b92b', 'talk2kunle4luv@yahoo.com', '154.118.42.155', NULL, '2019-02-25 16:58:18', NULL, 0.00, '', NULL, NULL, 0, 1, '1', NULL, NULL, NULL);
INSERT INTO `members` VALUES (73, 'inbox5', '920d1553fea5f47d6d872ebc5d6b2112', 'sahtout42@yahoo.fr', '78.250.111.136', NULL, '2019-02-25 17:04:27', NULL, 0.00, '', NULL, NULL, 0, 1, '1', NULL, NULL, NULL);
INSERT INTO `members` VALUES (74, 'nitrorp', 'de4286951178ec0b5fc70848469f200a', 'martinselisc@gmail.com', '131.100.166.114', NULL, '2019-02-25 17:10:24', NULL, 0.00, '', NULL, NULL, 0, 1, '1', NULL, NULL, NULL);
INSERT INTO `members` VALUES (75, 'sc6219', '040cd1443bd9c77183d171263b798ff5', 'sc6219@aol.com', '23.226.133.61', NULL, '2019-02-25 17:14:42', NULL, 0.00, '', NULL, NULL, 0, 1, '1', NULL, NULL, NULL);
INSERT INTO `members` VALUES (76, 'Ahsanul12', '8bae0fdbf82d2db2c6d7a82d6cbf5f73', 'mdpervezsarker@gmail.com', '185.232.22.134', NULL, '2019-02-25 17:25:38', NULL, 0.00, '', NULL, NULL, 0, 1, '1', NULL, NULL, NULL);
INSERT INTO `members` VALUES (77, 'nicholas', 'e2649bda83b0c82267cf00eda7d3b44f', 'nicholasokagbare@yahoo.com', '129.205.112.78', NULL, '2019-02-25 17:41:50', NULL, 0.00, '', NULL, NULL, 0, 1, '1', NULL, NULL, NULL);
INSERT INTO `members` VALUES (78, 'mobi10', '62350dd4f5ccc720cddc0e88e9b1b399', 'oluwashindara101@yandex.com', '105.112.23.50', NULL, '2019-02-25 17:42:24', NULL, 0.00, '', NULL, NULL, 0, 1, '1', NULL, NULL, NULL);
INSERT INTO `members` VALUES (79, 'williambin', '579af37ae2fc3b8bc35f20e9f3a776a5', 'jbroughton49@yahoo.com', '154.70.152.146', NULL, '2019-02-25 18:26:53', NULL, 0.00, '', NULL, NULL, 0, 1, '1', NULL, NULL, NULL);
INSERT INTO `members` VALUES (80, 'william', '052a03fba1ceb3f4961bc8f17168b933', 'samyfred55@gmail.com', '5.62.34.149', NULL, '2019-02-25 18:51:25', NULL, 0.00, '', NULL, NULL, 0, 1, '1', NULL, NULL, NULL);
INSERT INTO `members` VALUES (81, 'debolalar1', 'd120c7fd5389f132a677e591b5ac5006', 'debolalar1@hotmail.com', '173.213.90.91', NULL, '2019-02-25 19:05:31', NULL, 0.00, '', NULL, NULL, 0, 1, '1', NULL, NULL, NULL);
INSERT INTO `members` VALUES (82, 'nally', 'b90da5a7ab5a6cab9e544a4ac98896f7', 'milliondollarlogs@gmail.com', '105.112.96.172', NULL, '2019-02-25 20:06:20', NULL, 0.00, '', NULL, NULL, 0, 1, '1', NULL, NULL, NULL);
INSERT INTO `members` VALUES (83, 'kkseding', 'e041976e8097db96bd49b1a6f6505f75', 'kkseding@yahoo.com', '192.34.109.106', NULL, '2019-02-25 20:12:45', NULL, 0.00, '', NULL, NULL, 0, 1, '1', NULL, NULL, NULL);
INSERT INTO `members` VALUES (84, 'jizeey121', 'ef727954dcc6bbfa0a0bd9c795ff3298', 'obijizeey@gmail.com', '105.112.68.173', NULL, '2019-02-25 21:58:18', NULL, 0.00, '', NULL, NULL, 0, 1, '1', NULL, NULL, NULL);
INSERT INTO `members` VALUES (85, 'Akda', '1984c03b50fd7f98e52f30819019a40d', 'Akda39@hotmail.com', '143.179.57.72', NULL, '2019-02-25 22:02:14', NULL, 0.00, '', NULL, NULL, 0, 1, '1', NULL, NULL, NULL);
INSERT INTO `members` VALUES (86, 'X-shell', 'a055f538fb3581f74305e9fd3cd6e2da', 'Culibanphim.mmo@gmail.com', '27.76.119.84', NULL, '2019-02-26 02:37:33', NULL, 0.00, '', NULL, NULL, 0, 1, '1', NULL, NULL, NULL);
INSERT INTO `members` VALUES (87, 'riamz', '0da20925f1514dcc9df49a0e1447e697', 'ricardocacona@hotmail.com', '190.229.71.149', NULL, '2019-02-26 02:39:49', NULL, 0.00, '', NULL, NULL, 0, 1, '1', NULL, NULL, NULL);
INSERT INTO `members` VALUES (88, 'odogwu', 'f83817ed0b7be7a8f1700cd1b8e50467', 'fbimarkruben@gmail.com', '129.205.112.70', NULL, '2019-02-26 02:58:25', NULL, 0.01, '', NULL, NULL, 0, 1, '1', NULL, NULL, NULL);
INSERT INTO `members` VALUES (89, 'gabriel_gomez200', '330de9d34da198d8c349b79218e39d72', 'gabriel_gomez200@yahoo.com', '197.242.101.56', NULL, '2019-02-26 04:41:20', NULL, 0.00, '', NULL, NULL, 0, 1, '1', NULL, NULL, NULL);
INSERT INTO `members` VALUES (90, 'jhona', 'b9027f4ee3ab3219bc7fbb4d8a1e986f', 'jhona123@gmx.com', '89.34.99.106', NULL, '2019-02-26 06:21:54', NULL, 0.00, '', NULL, NULL, 0, 1, '1', NULL, NULL, NULL);
INSERT INTO `members` VALUES (91, 'tonyjunior101', '532b993f1143ed243de5919948924496', 'tonyjunior101@yahoo.com', '105.112.75.24', NULL, '2019-02-26 06:49:08', NULL, 0.00, '', NULL, NULL, 0, 1, '1', NULL, NULL, NULL);
INSERT INTO `members` VALUES (92, 'christoglas', 'f468f34602cdb3e2bdc9f8d37e129a27', 'christoglas@yahoo.co.uk', '169.239.192.54', NULL, '2019-02-26 07:48:05', NULL, 0.00, '', NULL, NULL, 0, 1, '1', NULL, NULL, NULL);
INSERT INTO `members` VALUES (93, 'johnd', '78401f35339ce851d7bdfd13d798eae6', 'johndownes.org@gmail.com', '41.58.125.149', NULL, '2019-02-26 08:01:17', NULL, 0.00, '', NULL, NULL, 0, 1, '1', NULL, NULL, NULL);
INSERT INTO `members` VALUES (94, 'aks1210', '69338d0a9058eb335239903ccb3bde60', 'aks1210@ask-mail.com', '178.175.132.225', NULL, '2019-02-26 09:00:59', NULL, 0.00, '', NULL, NULL, 0, 1, '1', NULL, NULL, NULL);
INSERT INTO `members` VALUES (95, 'sisili', '417df833d742104a31679f781804b388', 'terrystoner77@gmail.com', '41.190.30.230', NULL, '2019-02-26 09:19:51', NULL, 0.00, '', NULL, NULL, 0, 1, '1', NULL, NULL, NULL);
INSERT INTO `members` VALUES (96, 'alex011', 'ef5c5ff4c2193ba1535b22b7e00ac9f4', 'alex_awe011@hotmail.com', '105.112.99.40', NULL, '2019-02-26 09:52:14', NULL, 0.00, '', NULL, NULL, 0, 1, '1', NULL, NULL, NULL);
INSERT INTO `members` VALUES (97, 'thefisher', '24a8215058e9c44f21fe6a4115dc7064', 'ourjohnwilliam@gmail.com', '197.52.55.146', NULL, '2019-02-26 10:31:07', NULL, 0.00, '', NULL, NULL, 0, 1, '1', NULL, NULL, NULL);
INSERT INTO `members` VALUES (98, 'Cwazie', '6fe197c05f47333846dcc5e0a72a13b7', '12000post@gmail.com', '105.112.35.3', NULL, '2019-02-26 11:26:11', NULL, 0.00, '', NULL, NULL, 0, 1, '1', NULL, NULL, NULL);
INSERT INTO `members` VALUES (99, 'gulfsea', '8934c97f2c43dd9676a35cbd57d6eb6d', 'gulfsaestones@gmail.com', '160.152.17.56', NULL, '2019-02-26 11:38:53', NULL, 0.00, '', NULL, NULL, 0, 1, '1', NULL, NULL, NULL);
INSERT INTO `members` VALUES (100, 'mrbestewelim', '677861a8bbea5dec75ca5ad016c357b6', 'mrbestewelim@yahoo.com', '169.159.71.110', NULL, '2019-02-26 11:45:55', NULL, 0.00, '', NULL, NULL, 0, 1, '1', NULL, NULL, NULL);
INSERT INTO `members` VALUES (101, 'davidiscowbell', 'e0230c8258550cbdb162ea4a520e005a', 'davidiscowbell@googlemail.com', '154.118.30.16', NULL, '2019-02-26 12:39:23', NULL, 0.00, '', NULL, NULL, 0, 1, '1', NULL, NULL, NULL);
INSERT INTO `members` VALUES (102, 'sundayosuya', '3eedd9c740c5d8654743f45c0c6c47ce', 'sundayosuya2017@yahoo.com', '41.210.1.170', NULL, '2019-02-26 13:51:54', NULL, 0.00, '', NULL, NULL, 0, 1, '1', NULL, NULL, NULL);
INSERT INTO `members` VALUES (103, 'retdesenvolve', '643bc9103192b14b7adaedc01d0807b6', 'felipegomesds54@gmail.com', '168.197.25.6', NULL, '2019-02-26 14:25:16', NULL, 0.00, '', NULL, NULL, 0, 1, '1', NULL, NULL, NULL);
INSERT INTO `members` VALUES (104, 'hero20', 'd30f25a303671c9af3f75aa4cdb343b9', 'ortel79@yahoo.com', '87.117.234.2', NULL, '2019-02-26 15:09:42', NULL, 0.00, '', NULL, NULL, 0, 1, '1', NULL, NULL, NULL);
INSERT INTO `members` VALUES (105, 'niyon37', '264a4ad8fd85a7c2b7c71c1307a049bc', 'howelldavid918@yahoo.com', '69.94.8.53', NULL, '2019-02-26 15:14:56', NULL, 0.00, '', NULL, NULL, 0, 1, '1', NULL, NULL, NULL);
INSERT INTO `members` VALUES (106, 'ITTinternational', '405c1937c26ed03c43dc6b68ccd04195', 'vicocame@webmail24.top', '185.20.99.175', NULL, '2019-02-26 15:24:31', NULL, 0.00, '', NULL, NULL, 0, 1, '1', NULL, NULL, NULL);
INSERT INTO `members` VALUES (107, 'sparta', '38868b2498e489283c5ec4cce7971890', 'cemalakay1970@gmail.com', '178.240.224.194', NULL, '2019-02-26 16:00:27', NULL, 0.00, '', NULL, NULL, 0, 1, '1', NULL, NULL, NULL);
INSERT INTO `members` VALUES (108, 'Abdulaziz', '05740f5f97665c2ed44a010056b25116', 'Fyqx@gmail.com', '51.253.33.204', NULL, '2019-02-26 16:53:00', NULL, 0.00, '', NULL, NULL, 0, 1, '1', NULL, NULL, NULL);
INSERT INTO `members` VALUES (109, 'quemvioele2019', 'a06081dfbc07f5db2faedd2650b93249', 'gracilenegraf@outlook.com', '187.54.97.206', NULL, '2019-02-26 18:02:57', NULL, 0.00, '', NULL, NULL, 0, 1, '1', NULL, NULL, NULL);
INSERT INTO `members` VALUES (110, 'fweslty', '5f305285d034abc0d14f74ef2f6b0867', 'elohors@gmail.com', '54.183.138.156', NULL, '2019-02-26 18:16:28', NULL, 0.00, '', NULL, NULL, 0, 1, '1', NULL, NULL, NULL);
INSERT INTO `members` VALUES (111, 'Nemec005', '5efe015bbee8709d8427278c85f57c2a', 'Nemec2589@gmail.com', '88.200.136.27', NULL, '2019-02-26 20:15:07', NULL, 0.00, '', NULL, NULL, 0, 1, '1', NULL, NULL, NULL);
INSERT INTO `members` VALUES (112, 'foxxydon', '26c11c03ab336972e2b7ea400244ef2a', 'engrfox@gmail.com', '212.103.50.252', NULL, '2019-02-26 23:48:11', NULL, 0.00, '', NULL, NULL, 0, 1, '1', NULL, NULL, NULL);
INSERT INTO `members` VALUES (113, 'feriolle', '74cc0c10dec3befa7e8148c2821f9df1', 'feriolledepoy@gmail.com', '154.232.183.196', NULL, '2019-02-27 00:17:12', NULL, 0.00, '', NULL, NULL, 0, 1, '1', NULL, NULL, NULL);
INSERT INTO `members` VALUES (114, 'mrclanns10', '9b8aa0a8791a2e257e9af4d62c397466', 'mrclanns10@gmail.com', '86.98.46.42', NULL, '2019-02-27 00:20:45', NULL, 0.00, '', NULL, NULL, 0, 1, '1', NULL, NULL, NULL);
INSERT INTO `members` VALUES (115, 'chrispat001', '7dd40ce71c9f37d5ddd9329bdbe676ea', 'begumtextilees@gmail.com', '197.210.226.109', NULL, '2019-02-27 00:42:00', NULL, 0.00, '', NULL, NULL, 0, 1, '1', NULL, NULL, NULL);
INSERT INTO `members` VALUES (116, 'renatomarq5s', '9dda60cad351117faeacba4606694356', 'renato.marq5s@gmail.com', '187.27.193.118', NULL, '2019-02-27 04:02:47', NULL, 0.00, '', NULL, NULL, 0, 1, '1', NULL, NULL, NULL);
INSERT INTO `members` VALUES (117, 'hackerbabs', 'dbab168f8aa91fa18cb72f64b504d7dc', 'luannweerasuriya123@gmail.com', '2405:201:d801:c', NULL, '2019-02-27 04:14:15', NULL, 0.00, '', NULL, NULL, 0, 1, '1', NULL, NULL, NULL);
INSERT INTO `members` VALUES (118, 'ashyg78', '00752c985b8a6f30a511431071d4fcbf', 'brent4220@gmail.com', '154.118.58.160', NULL, '2019-02-27 04:16:30', NULL, 0.00, '', NULL, NULL, 0, 1, '1', NULL, NULL, NULL);
INSERT INTO `members` VALUES (119, 'Monikerpark', 'f09d3e56f43d228e1cf6b34562db19c8', 'monikerpark@rediffmail.com', '2401:4900:27f2:', NULL, '2019-02-27 04:16:36', NULL, 0.00, '', NULL, NULL, 0, 1, '1', NULL, NULL, NULL);
INSERT INTO `members` VALUES (120, 'asdasdasd', 'e7f005b3121813aed6a31bcb78e609aa', 'asdasdasd@yahoo.com', '185.171.61.65', NULL, '2019-02-27 04:24:52', NULL, 0.00, '', NULL, NULL, 0, 1, '1', NULL, NULL, NULL);
INSERT INTO `members` VALUES (121, 'franklins', 'c125543bfd6ca42a2a6a8c8b6c8a7490', 'dmoorehead82@gmail.com', '169.159.105.244', NULL, '2019-02-27 04:26:30', NULL, 0.00, '', NULL, NULL, 0, 1, '1', NULL, NULL, NULL);
INSERT INTO `members` VALUES (122, 'toddnidine', 'd0a95e0ca3e5eda4d0050fc15dba184d', 'todd.nidine@gmail.com', '107.77.198.125', NULL, '2019-02-27 05:24:53', NULL, 0.00, '', NULL, NULL, 0, 1, '1', NULL, NULL, NULL);
INSERT INTO `members` VALUES (123, 'billhenrybh', 'd714451e655621df940420e2ee4336d3', 'billhenrybh00@gmail.com', '194.5.98.28', NULL, '2019-02-27 05:43:05', NULL, 0.00, '', NULL, NULL, 0, 1, '1', NULL, NULL, NULL);
INSERT INTO `members` VALUES (124, 'mavado21', 'c7ff3598893a0b7c0732cea356957ebd', 'death@loveable.com', '160.152.41.134', NULL, '2019-02-27 06:09:44', NULL, 0.00, '', NULL, NULL, 0, 1, '1', NULL, NULL, NULL);
INSERT INTO `members` VALUES (125, 'lucifer88995', '0a429afffc910615055d3c32173d13f9', 'felorado79@gmail.com', '129.205.112.81', NULL, '2019-02-27 06:56:39', NULL, 0.00, '', NULL, NULL, 0, 1, '1', NULL, NULL, NULL);
INSERT INTO `members` VALUES (126, 'brightins', '309b5f336523fb03998d8f4b26dd74a9', 'mkt_brightadvert@yahoo.com', '41.203.78.161', NULL, '2019-02-27 06:58:57', NULL, 0.00, '', NULL, NULL, 0, 1, '1', NULL, NULL, NULL);
INSERT INTO `members` VALUES (127, 'smartk7777', 'bf2765dbc6e63407428ad1990d5f435d', 'smartk7777@gmail.com', '105.112.26.213', NULL, '2019-02-27 07:03:13', NULL, 0.00, '', NULL, NULL, 0, 1, '1', NULL, NULL, NULL);
INSERT INTO `members` VALUES (128, 'Rishabh9674', 'a1a4f9a06f960fa5e9844949ec31f586', 'rajanking929@gmail.com', '2409:4043:2011:', NULL, '2019-02-27 07:18:59', NULL, 0.00, '', NULL, NULL, 0, 1, '1', NULL, NULL, NULL);
INSERT INTO `members` VALUES (129, 'omanbi1', '782ec6c5c8e398d6453603479a1088e7', 'mark_moore41@yahoo.com', '105.112.75.42', NULL, '2019-02-27 08:42:46', NULL, 0.00, '', NULL, NULL, 0, 1, '1', NULL, NULL, NULL);
INSERT INTO `members` VALUES (130, 'esiwo', 'cf68f96d5be16acc99f03ef16ebaf9a0', 'jrwblkvett@gmail.com', '196.251.32.113', NULL, '2019-02-27 11:37:25', NULL, 0.00, '', NULL, NULL, 0, 1, '1', NULL, NULL, NULL);
INSERT INTO `members` VALUES (131, 'iamjiboss11', '5207a4720ac077cc977476418d7760e6', 'russellhoughton432@hotmail.com', '2605:3e80:2c00:', NULL, '2019-02-27 11:38:46', NULL, 0.00, '', NULL, NULL, 0, 1, '1', NULL, NULL, NULL);
INSERT INTO `members` VALUES (132, 'emmyvera', 'a8e3b5370bcd946a835d65e619594b0b', 'emmyvera2009@gmail.com', '83.69.0.62', NULL, '2019-02-27 12:14:50', NULL, 0.00, '', NULL, NULL, 0, 1, '1', NULL, NULL, NULL);
INSERT INTO `members` VALUES (133, 'kingslove001', '6ae583424746f8704ec925ffa2b66a7a', 'kingslove001@yahoo.com', '105.112.106.16', NULL, '2019-02-27 12:24:17', NULL, 0.00, '', NULL, NULL, 0, 1, '1', NULL, NULL, NULL);
INSERT INTO `members` VALUES (134, 'Urchito', 'bd27ca5180add7a8c8742e09483f03cb', 'kevinuchennak@gmail.com', '197.210.28.86', NULL, '2019-02-27 12:42:30', NULL, 0.00, '', NULL, NULL, 0, 1, '1', NULL, NULL, NULL);
INSERT INTO `members` VALUES (135, 'wiznation', 'a7dcdab3bf9189d19521af68307b5336', 'wiznation@yahoo.com', '41.203.78.167', NULL, '2019-02-27 13:12:57', NULL, 0.00, '', NULL, NULL, 0, 1, '1', NULL, NULL, NULL);
INSERT INTO `members` VALUES (136, 'babayesu', 'fd59652696b2cfe87a5de01d727770a6', 'cecilpury@gmail.com', '41.58.88.225', NULL, '2019-02-27 13:36:36', NULL, 0.00, '', NULL, NULL, 0, 1, '1', NULL, NULL, NULL);
INSERT INTO `members` VALUES (137, 'idris4all2002', 'dc608007defc2284e633acdcedbf1d96', 'idris4all2002@yahoo.com', '185.232.20.234', NULL, '2019-02-27 14:26:08', NULL, 0.00, '', NULL, NULL, 0, 1, '1', NULL, NULL, NULL);
INSERT INTO `members` VALUES (138, 'esanroyal', 'e043b5f3b01006c08f6994cf7c349c95', 'esanroyal@hotmail.com', '213.46.41.75', NULL, '2019-02-27 14:52:37', NULL, 0.00, '', NULL, NULL, 0, 1, '1', NULL, NULL, NULL);
INSERT INTO `members` VALUES (139, 'alexdickson', '9bde80db1750e4e8fff884d993fe9849', 'alexdickson22@yahoo.com', '2001:d08:d7:a71', NULL, '2019-02-27 15:05:04', NULL, 0.00, '', NULL, NULL, 0, 1, '1', NULL, NULL, NULL);
INSERT INTO `members` VALUES (140, 'jassy121', '6ac50c197d86e66ecb335fac5d000089', 'vunuyu@directmail24.net', '42.0.5.230', NULL, '2019-02-27 17:24:33', NULL, 0.00, '', NULL, NULL, 0, 1, '1', NULL, NULL, NULL);
INSERT INTO `members` VALUES (141, 'jackroch', '1eb597facd6cc899017d66a84c1172ff', 'mc4ea2@mail.com', '2405:8100:8000:', NULL, '2019-02-27 19:23:30', NULL, 0.00, '', NULL, NULL, 0, 1, '1', NULL, NULL, NULL);
INSERT INTO `members` VALUES (142, 'helpline01', '7faad072c418892849f1279ae7286c81', 'helpline014@gmail.com', '102.165.222.74', NULL, '2019-02-27 19:25:57', NULL, 0.00, '', NULL, NULL, 0, 1, '1', NULL, NULL, NULL);
INSERT INTO `members` VALUES (143, 'pureway2009', '55bf1beb5551c494107b1eaeb0a165e7', 'pureway2009@yahoo.com', '207.189.22.31', NULL, '2019-02-27 21:30:53', NULL, 0.00, '', NULL, NULL, 0, 1, '1', NULL, NULL, NULL);
INSERT INTO `members` VALUES (144, 'MiNeRiM', '174058dcaeb84be4acd2d6596fa86050', 'thiago.ponce40@gmail.com', '187.106.71.142', NULL, '2019-02-27 22:17:32', NULL, 0.00, '', NULL, NULL, 0, 1, '1', NULL, NULL, NULL);
INSERT INTO `members` VALUES (145, 'gwara', '456de40bce05e13aa0e20790c092a051', 'godclone@mail.com', '154.118.65.69', NULL, '2019-02-27 22:18:30', NULL, 0.00, '', NULL, NULL, 0, 1, '1', NULL, NULL, NULL);
INSERT INTO `members` VALUES (146, 'authsuc', '1f6d2bea47b61f57d5647a55873e821a', 'auth_suc@yahoo.com', '41.246.26.125', NULL, '2019-02-27 23:02:09', NULL, 0.00, '', NULL, NULL, 0, 1, '1', NULL, NULL, NULL);
INSERT INTO `members` VALUES (147, 'clashinix', '53bb7963195a57023e960b744f5ea013', 'clashinix@gmail.com', '2405:204:c692:2', NULL, '2019-02-27 23:16:40', NULL, 0.00, '', NULL, NULL, 0, 1, '1', NULL, NULL, NULL);
INSERT INTO `members` VALUES (148, 'Sexysksk', 'ea8fb024bf8086647bfcdcb3571aff43', 'Alisallavit@gmail.com', '2405:205:c828:e', NULL, '2019-02-27 23:19:59', NULL, 0.00, '', NULL, NULL, 0, 1, '1', NULL, NULL, NULL);
INSERT INTO `members` VALUES (149, 'Kingin001', 'd6f69a4881fd51299839d481292b927a', 'Kingpinshit001@gmail.com', '173.255.138.165', NULL, '2019-02-28 00:55:02', NULL, 0.00, '', NULL, NULL, 0, 1, '1', NULL, NULL, NULL);
INSERT INTO `members` VALUES (150, 'tfgrdes3', 'b5e10faf2128111dfc55647bfed9d8c2', 'tfgrdes3@gmail.com', '2405:8100:8000:', NULL, '2019-02-28 01:11:12', NULL, 0.00, '', NULL, NULL, 0, 1, '1', NULL, NULL, NULL);
INSERT INTO `members` VALUES (151, 'seunpappy', 'f7dd43856dcaaddcbd466fb0a1613f5b', 'connie9515@gmail.com', '105.112.23.23', NULL, '2019-02-28 02:43:05', NULL, 0.00, '', NULL, NULL, 0, 1, '1', NULL, NULL, NULL);
INSERT INTO `members` VALUES (152, 'harikesh', '204d8b2960a1aceebcf0b490d760f4d8', 'universitycorner2016@gmail.com', '122.176.156.34', NULL, '2019-02-28 05:08:14', NULL, 0.00, '', NULL, NULL, 0, 1, '1', NULL, NULL, NULL);
INSERT INTO `members` VALUES (153, 'Paola', '4e7b3f3384ca63c363a8042f9632a7e1', 'Lanier81@mail.com', '162.243.18.73', NULL, '2019-02-28 05:16:09', NULL, 0.00, '', NULL, NULL, 0, 1, '1', NULL, NULL, NULL);
INSERT INTO `members` VALUES (154, 'azhack3r', 'ab5d5086497bef29642739c4848d0bb9', 'shilefysales@gmail.com', '104.222.153.117', NULL, '2019-02-28 05:19:13', NULL, 0.00, '', NULL, NULL, 0, 1, '1', NULL, NULL, NULL);
INSERT INTO `members` VALUES (155, 'domainmanager404', '7881ad04d97d35aae17f01082a216d1d', 'domainmanager404@gmail.com', '122.174.189.244', NULL, '2019-02-28 05:27:51', NULL, 0.00, '', NULL, NULL, 0, 1, '1', NULL, NULL, NULL);
INSERT INTO `members` VALUES (156, 'Maz745', 'c471502ece64f7680ea3f209bdcf5fc5', 'Morgantylor11590@gmail.com', '197.210.55.109', NULL, '2019-02-28 06:43:41', NULL, 0.00, '', NULL, NULL, 0, 1, '1', NULL, NULL, NULL);
INSERT INTO `members` VALUES (157, 'jameey27', '02cab7a11ab0f750ba1cda7420a5747a', 'jamesrudolf509@yahoo.com', '154.118.75.136', NULL, '2019-02-28 07:55:08', NULL, 0.00, '', NULL, NULL, 0, 1, '1', NULL, NULL, NULL);
INSERT INTO `members` VALUES (158, 'ugodon', '94b7ee242a6469d72f5c66bc633d17bd', 'airportbox61@gmail.com', '105.112.23.192', NULL, '2019-02-28 08:11:02', NULL, 0.00, '', NULL, NULL, 0, 1, '1', NULL, NULL, NULL);
INSERT INTO `members` VALUES (159, 'chad351', '33d74a2845d78dc314f02bad7d71ae8c', 'shilikywaston@gmail.com', '2409:4056:208a:', NULL, '2019-02-28 08:26:02', NULL, 0.00, '', NULL, NULL, 0, 1, '1', NULL, NULL, NULL);
INSERT INTO `members` VALUES (160, 'Choco01', '4a960d3699c27a50cbc94cc4e0751477', 'rita.f.braum270@gmail.com', '105.112.18.82', NULL, '2019-02-28 08:52:18', NULL, 1.00, '', NULL, NULL, 0, 1, '1', NULL, NULL, NULL);
INSERT INTO `members` VALUES (161, 'Tools', 'c92514665ac6b4c5b5dc886a217da12f', 'bokeetools@gmail.com', '105.12.4.38', NULL, '2019-02-28 09:10:57', NULL, 0.00, '', NULL, NULL, 0, 1, '1', NULL, NULL, NULL);
INSERT INTO `members` VALUES (162, 'Sika419', 'b27746db5dfeacdbce4cdbbcdf00f149', 'psake24@gmail.com', '92.19.78.156', NULL, '2019-02-28 10:03:35', NULL, 0.00, '', NULL, NULL, 0, 1, '1', NULL, NULL, NULL);
INSERT INTO `members` VALUES (163, 'Elihans', '510266e7ccf7a6d4bc6d4c31e4010d29', 'Elihans_omonla@yahoo.com', '105.112.37.215', NULL, '2019-02-28 10:09:29', NULL, 0.00, '', NULL, NULL, 0, 1, '1', NULL, NULL, NULL);
INSERT INTO `members` VALUES (164, 'Paullarge02', 'a4c3ea9c9a7f0c38d1ee1c9a7350055b', 'alertmoney3@gmail.com', '41.203.78.167', NULL, '2019-02-28 10:20:37', NULL, 0.00, '', NULL, NULL, 0, 1, '1', NULL, NULL, NULL);
INSERT INTO `members` VALUES (165, 'spanki60', '85b50aa7236881c5b699a5907a0b9310', 'lawjones6060@gmail.com', '129.56.94.201', NULL, '2019-02-28 10:56:23', NULL, 0.00, '', NULL, NULL, 0, 1, '1', NULL, NULL, NULL);
INSERT INTO `members` VALUES (166, 'allready4u', 'ac2850322afbcb82cbd804867984a8dc', 'talk2pacboi@gmail.com', '196.50.5.97', NULL, '2019-02-28 11:15:17', NULL, 0.00, '', NULL, NULL, 0, 1, '1', NULL, NULL, NULL);
INSERT INTO `members` VALUES (167, 'smithalfred', '943f586ae8ffaf46110aaf164ea6a5be', 'smith.alfred86@gmail.com', '203.194.99.201', NULL, '2019-02-28 11:37:44', NULL, 0.00, '', NULL, NULL, 0, 1, '1', NULL, NULL, NULL);
INSERT INTO `members` VALUES (168, 'r00t0r', '1b2ad8c5c3a36485ffb01a686ce02215', 'joelbelinga2019@gmail.com', '41.202.207.8', NULL, '2019-02-28 11:38:11', NULL, 0.00, '', NULL, NULL, 0, 1, '1', NULL, NULL, NULL);
INSERT INTO `members` VALUES (169, 'mohel', '1d3a1e3d93a4594eab561bd01a4f1e4d', 'mohelrich@gmail.com', '169.239.194.147', NULL, '2019-02-28 11:41:39', NULL, 0.00, '', NULL, NULL, 0, 1, '1', NULL, NULL, NULL);
INSERT INTO `members` VALUES (170, 'temmesteve', 'e18ae8ad413ca0946dac8d0047d88bd7', 'temmesteve@yahoo.com', '213.183.40.45', NULL, '2019-02-28 11:58:35', NULL, 0.00, '', NULL, NULL, 0, 1, '1', NULL, NULL, NULL);
INSERT INTO `members` VALUES (171, 'tinssoul', '50a6780df81da1d27d4936b298e3b5e3', 'tinssoul@yahoo.com', '197.210.227.159', NULL, '2019-02-28 12:49:18', NULL, 0.00, '', NULL, NULL, 0, 1, '1', NULL, NULL, NULL);
INSERT INTO `members` VALUES (172, 'Mac0009', 'ea219891d7a62740a35c66fe84171e9b', 'Mj018311@gmail.com', '46.133.209.220', NULL, '2019-02-28 13:54:33', NULL, 0.00, '', NULL, NULL, 0, 1, '1', NULL, NULL, NULL);
INSERT INTO `members` VALUES (173, 'cybergale', 'bbe81bf3b7817469f3ce5771f261efd5', 'abhi12290@gmail.com', '106.201.12.165', NULL, '2019-02-28 14:00:20', NULL, 0.00, '', NULL, NULL, 0, 1, '1', NULL, NULL, NULL);
INSERT INTO `members` VALUES (174, 'markgrayson', '44b2c6e4745f4b22dec422fb2b8a4454', 'lilienjames@gmail.com', '168.253.116.192', NULL, '2019-02-28 16:26:54', NULL, 0.00, '', NULL, NULL, 0, 1, '1', NULL, NULL, NULL);
INSERT INTO `members` VALUES (175, 'johntony1', 'f9c997a7e4026810cfcdd989d609cfe4', 'galilea.swllee@gmail.com', '105.112.99.186', NULL, '2019-02-28 16:59:48', NULL, 0.00, '', NULL, NULL, 0, 1, '1', NULL, NULL, NULL);
INSERT INTO `members` VALUES (176, 'webmasterfox', 'ca3ffc1f9b6ba2121209e005e6ce0429', 'l2fate2013@gmail.com', '2804:7f3:6980:e', NULL, '2019-02-28 17:04:36', NULL, 0.00, '', NULL, NULL, 0, 1, '1', NULL, NULL, NULL);
INSERT INTO `members` VALUES (177, 'ronyking247', 'a8bfed5698d84572eda45a98e00eae6a', 'ronyking247@gmail.com', '105.112.27.142', NULL, '2019-02-28 18:47:33', NULL, 0.00, '', NULL, NULL, 0, 1, '1', NULL, NULL, NULL);
INSERT INTO `members` VALUES (178, 'Selly', 'ec338e29a7ff1f010f0e84756f79d50c', 'dylnfels@gmail.com', '105.112.37.234', NULL, '2019-02-28 19:18:26', NULL, 0.00, '', NULL, NULL, 0, 1, '1', NULL, NULL, NULL);
INSERT INTO `members` VALUES (179, 'asifonni', '0c553bb36d44fe21263be88bbd62fa9a', 'asifonni@gmail.com', '105.112.75.38', NULL, '2019-02-28 19:19:06', NULL, 0.00, '', NULL, NULL, 0, 1, '1', NULL, NULL, NULL);
INSERT INTO `members` VALUES (180, 'thijrid', 'd8d13e60408a017b6cf454d170c410dd', 'sherswgar@gmail.com', '105.112.96.108', NULL, '2019-02-28 19:41:13', NULL, 0.00, '', NULL, NULL, 0, 1, '1', NULL, NULL, NULL);
INSERT INTO `members` VALUES (181, 'calypso', 'bc8f011731678f0c6a782d1cf3cdbbbd', 'abbeybanker20@yahoo.com', '105.112.16.54', NULL, '2019-02-28 19:53:56', NULL, 0.00, '', NULL, NULL, 0, 1, '1', NULL, NULL, NULL);
INSERT INTO `members` VALUES (182, 'baco_c1', '699d195684c724f9647391d6bca7415c', 'cr046804@gmail.com', '105.112.43.160', NULL, '2019-02-28 21:38:26', NULL, 0.00, '', NULL, NULL, 0, 1, '1', NULL, NULL, NULL);
INSERT INTO `members` VALUES (183, 'troan', 'fc13258d11c7d5dbcf6a9763d9abd9f0', 'trojanlogs8@gmail.com', '129.205.112.82', NULL, '2019-02-28 22:25:16', NULL, 0.00, '', NULL, NULL, 0, 1, '1', NULL, NULL, NULL);
INSERT INTO `members` VALUES (184, 'briggs101', '6d421478ac3c40384a61a90d8428af9d', 'suschen@yahoo.in', '203.192.241.183', NULL, '2019-02-28 23:57:29', NULL, 0.00, '', NULL, NULL, 0, 1, '1', NULL, NULL, NULL);
INSERT INTO `members` VALUES (185, 'youngvixx', '7aca4a8e549d776cd5847fa11863a69e', 'youngvixx@yahoo.com', '129.56.94.117', NULL, '2019-03-01 00:37:26', NULL, 0.00, '', NULL, NULL, 0, 1, '1', NULL, NULL, NULL);
INSERT INTO `members` VALUES (186, 'techonepl', 'e5cc603db9d3c4e5386a96093067ecd1', 'techonepl@gmail.com', '2405:204:9398:e', NULL, '2019-03-01 07:30:15', NULL, 0.00, '', NULL, NULL, 0, 1, '1', NULL, NULL, NULL);
INSERT INTO `members` VALUES (187, 'ddanial', '78f1765aa116f69b6633f55fa88826fc', 'devildanial@protonmail.com', '103.255.5.55', NULL, '2019-03-01 07:31:59', NULL, 29.00, '', NULL, NULL, 0, 1, '1', NULL, NULL, NULL);
INSERT INTO `members` VALUES (188, 'loyo2311', 'f467db17c8f6937d73880393581048a3', 'edithfleischmann@gmail.com', '41.58.55.130', NULL, '2019-03-01 07:50:18', NULL, 0.00, '', NULL, NULL, 0, 1, '1', NULL, NULL, NULL);
INSERT INTO `members` VALUES (189, 'sosy', '457241c9c6a62b7f886ee8ec2e7dbf13', 'kimchin102@gmail.com', '5.62.43.99', NULL, '2019-03-01 10:21:19', NULL, 0.00, '', NULL, NULL, 0, 1, '1', NULL, NULL, NULL);
INSERT INTO `members` VALUES (190, 'SeaRose17', 'a2303df986d80043b103bb22fd99db7e', 'ochaves5@comcast.net', '129.205.113.54', NULL, '2019-03-01 10:46:13', NULL, 0.00, '', NULL, NULL, 0, 1, '1', NULL, NULL, NULL);
INSERT INTO `members` VALUES (191, 'razmatzi', '248d9086d7b27535074f6500b7a6443a', 'dawn96408@gmail.com', '41.190.2.83', NULL, '2019-03-01 12:17:39', NULL, 0.00, '', NULL, NULL, 0, 1, '1', NULL, NULL, NULL);
INSERT INTO `members` VALUES (192, 'mike331', '1480bca890c21de771769571eb0cad03', 'logbox3222@gmail.com', '82.102.24.25', NULL, '2019-03-01 12:46:54', NULL, 0.00, '', NULL, NULL, 0, 1, '1', NULL, NULL, NULL);
INSERT INTO `members` VALUES (193, 'charles38', '5821f7f91b60a91b5ad19af166c86666', 'emenanar@gmail.com', '198.199.76.198', NULL, '2019-03-01 13:09:35', NULL, 0.00, '', NULL, NULL, 0, 1, '1', NULL, NULL, NULL);
INSERT INTO `members` VALUES (194, 'smokk', '51f5c46cf59d7e8b6bad39916b1e1ec4', 'wsosmokk@yahoo.com', '105.112.113.158', NULL, '2019-03-01 13:43:54', NULL, 0.00, '', NULL, NULL, 0, 1, '1', NULL, NULL, NULL);
INSERT INTO `members` VALUES (195, 'Kishan06', 'c308d5b8bd9810fd8549bee65994758c', 'kishan.bhuta666@gmail.com', '2405:204:300:1b', NULL, '2019-03-01 13:58:25', NULL, 0.00, '', NULL, NULL, 0, 1, '1', NULL, NULL, NULL);
INSERT INTO `members` VALUES (196, 'lucianpope', 'eb3163c08cf2ed29591d03c67ffd463c', 'lucianpope@yahoo.com', '2a02:2f07:910f:', NULL, '2019-03-01 13:59:18', NULL, 0.00, '', NULL, NULL, 0, 1, '1', NULL, NULL, NULL);
INSERT INTO `members` VALUES (197, 'John', 'c53f1eeddbc87880f0b943d415783993', 'johnm5760@gamil.com', '109.177.236.95', NULL, '2019-03-01 14:01:42', NULL, 0.00, '', NULL, NULL, 0, 1, '1', NULL, NULL, NULL);
INSERT INTO `members` VALUES (198, 'dada01', 'effb9cdc92195776bcc855bde987ec3a', 'aliomaral@aol.com', '5.62.62.173', NULL, '2019-03-01 14:04:34', NULL, 0.00, '', NULL, NULL, 0, 1, '1', NULL, NULL, NULL);
INSERT INTO `members` VALUES (199, 'bubung', '39d73bd93132c03625d92c750470fe7e', 'mrbubu@yahoo.com', '129.56.49.30', NULL, '2019-03-01 14:20:07', NULL, 0.00, '', NULL, NULL, 0, 1, '1', NULL, NULL, NULL);
INSERT INTO `members` VALUES (200, 'mikejohn070', 'ffa0abd7ed5214f1afa5bda8342b79ef', 'mikejohn070@yahoo.com', '45.56.148.100', NULL, '2019-03-01 14:50:05', NULL, 0.00, '', NULL, NULL, 0, 1, '1', NULL, NULL, NULL);
INSERT INTO `members` VALUES (201, 'osuyasuny12345', 'ac8332ff90af547e580bd45452098445', 'sundayosuya2017@yahoo.com', '197.251.187.219', NULL, '2019-03-01 16:38:15', NULL, 0.00, '', NULL, NULL, 0, 1, '1', NULL, NULL, NULL);
INSERT INTO `members` VALUES (202, 'ibk512', 'd40f3c5c415617fdd8e04f16c8d9628b', 'ibk512@yahoo.com', '66.172.100.138', NULL, '2019-03-01 16:39:59', NULL, 0.00, '', NULL, NULL, 0, 1, '1', NULL, NULL, NULL);
INSERT INTO `members` VALUES (203, 'carlosfernado', '3eedd9c740c5d8654743f45c0c6c47ce', 'carlosfernado4000@gmail.com', '197.251.187.219', NULL, '2019-03-01 16:40:25', NULL, 0.00, '', NULL, NULL, 0, 1, '1', NULL, NULL, NULL);
INSERT INTO `members` VALUES (204, 'darklord', '3221d3553e379bce723e89ef6a2a9320', 'gap2treasure@gmail.com', '154.118.96.211', NULL, '2019-03-01 20:34:19', NULL, 0.00, '', NULL, NULL, 0, 1, '1', NULL, NULL, NULL);
INSERT INTO `members` VALUES (205, 'sammy231', '13b0d8b75567979d699962dd1f237894', 'adams231smith@gmail.com', '129.56.78.33', NULL, '2019-03-02 00:05:29', NULL, 0.00, '', NULL, NULL, 0, 1, '1', NULL, NULL, NULL);
INSERT INTO `members` VALUES (206, 'codelux2019', 'f7e20bd891a94d49852f83c8ae7080e7', 'thiagoiphones6@gmail.com', '2804:7f2:78b:88', NULL, '2019-03-02 00:41:36', NULL, 0.00, '', NULL, NULL, 0, 1, '1', NULL, NULL, NULL);
INSERT INTO `members` VALUES (207, 'emans841', '4385815ef09794669e334c582f34815e', 'lottocentenary04@gmail.com', '104.238.39.132', NULL, '2019-03-02 09:22:46', NULL, 0.00, '', NULL, NULL, 0, 1, '1', NULL, NULL, NULL);
INSERT INTO `members` VALUES (208, 'rain', 'cce9e3aef2b6fbea6b86c6bde3800edc', 'jonathanraymond11@yahoo.com', '105.112.45.182', NULL, '2019-03-02 10:38:55', NULL, 0.00, '', NULL, NULL, 0, 1, '1', NULL, NULL, NULL);
INSERT INTO `members` VALUES (209, 'www1', 'b88956c59edaa75ad5aae8285723b200', 'refref@yahoo.com', '109.166.132.112', NULL, '2019-03-02 19:21:06', NULL, 0.00, '', NULL, NULL, 0, 1, '1', NULL, NULL, NULL);
INSERT INTO `members` VALUES (210, 'ultimate68', '03d27516a615662bff0d3f159c1025da', 'dutieesonline@gmail.com', '41.190.12.8', NULL, '2019-03-02 21:47:08', NULL, 0.00, '', NULL, NULL, 0, 1, '1', NULL, NULL, NULL);
INSERT INTO `members` VALUES (211, 'obodobo', 'a5fcdab6833e90ec1ec6ea3b25a36b39', 'boskorobin@yahoo.com', '141.101.104.41', NULL, '2019-03-02 22:07:12', NULL, 0.00, '', NULL, NULL, 0, 1, '1', NULL, NULL, NULL);
INSERT INTO `members` VALUES (212, 'shola235', 'ddfc3a95bf94f396b40a3f9c477f0d83', 'carolpeeler7@gmail.com', '89.238.139.12', NULL, '2019-03-02 22:20:19', NULL, 0.00, '', NULL, NULL, 0, 1, '1', NULL, NULL, NULL);
INSERT INTO `members` VALUES (213, 'colony', '55a7f7ea0cfeb53afb6f63bbd532c82f', 'colonyierw@outlook.com', '115.178.251.123', NULL, '2019-03-02 22:30:03', NULL, 0.00, '', NULL, NULL, 0, 1, '1', NULL, NULL, NULL);
INSERT INTO `members` VALUES (214, 'Largewizzie', '6fc67933de7dd00e67f8385808b8f5e6', 'largewizzie@gmail.com', '105.112.75.111', NULL, '2019-03-02 23:07:34', NULL, 0.00, '', NULL, NULL, 0, 1, '1', NULL, NULL, NULL);
INSERT INTO `members` VALUES (215, 'judedonjacy', '567b101ee4b337fe850ac69e25531ace', 'jude_donjacy@yahoo.com', '185.20.99.190', NULL, '2019-03-03 00:35:00', NULL, 0.00, '', NULL, NULL, 0, 1, '1', NULL, NULL, NULL);
INSERT INTO `members` VALUES (216, 'Serial187', '6b4274586871bbf48ab1704c1171d41f', 'Nilson.jardim.82@gmail.com', '128.201.181.57', NULL, '2019-03-03 01:21:13', NULL, 0.00, '', NULL, NULL, 0, 1, '1', NULL, NULL, NULL);
INSERT INTO `members` VALUES (217, 'User190', 'ecc35209db51186f981b52ef426011d2', 'Alexronald190@yahoo.com', '149.248.100.151', NULL, '2019-03-03 03:16:10', NULL, 0.00, '', NULL, NULL, 0, 1, '1', NULL, NULL, NULL);
INSERT INTO `members` VALUES (218, 'lyttle', 'bcfe359d982e637b9cca5f37870f91af', 'raddy4196@gmail.com', '41.66.202.51', NULL, '2019-03-03 03:21:16', NULL, 0.00, '', NULL, NULL, 0, 1, '1', NULL, NULL, NULL);
INSERT INTO `members` VALUES (219, 'lyttle07', 'bcfe359d982e637b9cca5f37870f91af', 'raddy4196@gmail.com', '41.66.202.51', NULL, '2019-03-03 03:21:48', NULL, 0.00, '', NULL, NULL, 0, 1, '1', NULL, NULL, NULL);
INSERT INTO `members` VALUES (220, 'chrysche', 'd3bbc56c73e4546aa1acc2e82453d55d', 'chrysche08@yahoo.com', '105.112.21.136', NULL, '2019-03-03 08:42:00', NULL, 0.00, '', NULL, NULL, 0, 1, '1', NULL, NULL, NULL);
INSERT INTO `members` VALUES (221, 'z3r0', '5373a9cddadcce6b463efc56f2808fe1', 'nakedpoets0@gmail.com', '182.186.182.187', NULL, '2019-03-03 10:07:52', NULL, 0.00, '', NULL, NULL, 0, 1, '1', NULL, NULL, NULL);
INSERT INTO `members` VALUES (222, 'Badhacky24', '757330f0c36edf88330e8d752667e93a', 'abc123xyz@secmail.pro', '41.203.72.149', NULL, '2019-03-03 10:25:16', NULL, 0.00, '', NULL, NULL, 0, 1, '1', NULL, NULL, NULL);
INSERT INTO `members` VALUES (223, 'bsssss', '1ae16db99ceddeb47746224873fc3209', 'bsssss@yopmail.com', '154.66.38.138', NULL, '2019-03-03 14:26:02', NULL, 0.00, '', NULL, NULL, 0, 1, '1', NULL, NULL, NULL);
INSERT INTO `members` VALUES (224, 'Pennyemerson467', '01c3ccee3fa0ebd122ed4fd64cdbf77d', 'pennyemerson467@gmail.com', '154.118.35.237', NULL, '2019-03-03 14:40:09', NULL, 0.00, '', NULL, NULL, 0, 1, '1', NULL, NULL, NULL);
INSERT INTO `members` VALUES (225, 'poshrozay', '5badc9182ad9c0ebb1c5fdc17b3a6c5f', 'poshrozay@gmail.com', '154.118.33.39', NULL, '2019-03-03 16:25:05', NULL, 0.00, '', NULL, NULL, 0, 1, '1', NULL, NULL, NULL);
INSERT INTO `members` VALUES (226, 'edeh1', '8c79cf00c8ade17936f9fae088fff3fe', 'silverd419@gmail.com', '197.210.28.237', NULL, '2019-03-03 17:43:37', NULL, 0.00, '', NULL, NULL, 0, 1, '1', NULL, NULL, NULL);
INSERT INTO `members` VALUES (227, 'hardwork2019', 'faba31189faa1239f73324b0068334c4', 'mr.herwanmachet@gmail.com', '41.203.72.145', NULL, '2019-03-03 18:50:35', NULL, 0.00, '', NULL, NULL, 0, 1, '1', NULL, NULL, NULL);
INSERT INTO `members` VALUES (228, 'elizayo', '8790b11c959423980d524d7cc34c209d', 'changanne98@gmail.com', '41.190.2.36', NULL, '2019-03-03 19:46:43', NULL, 0.00, '', NULL, NULL, 0, 1, '1', NULL, NULL, NULL);
INSERT INTO `members` VALUES (229, 'Macpro', '4afc24329a7b4c86c9f8b1a78cd0ba05', 'Rdpgmial@gmail.com', '66.154.110.198', NULL, '2019-03-03 19:46:44', NULL, 0.00, '', NULL, NULL, 0, 1, '1', NULL, NULL, NULL);
INSERT INTO `members` VALUES (230, 'awilkinson57', '700e2e5e7f039eb39e9e389fe2491579', 'awilkinson57@yahoo.com', '41.190.2.92', NULL, '2019-03-03 21:01:53', NULL, 0.00, '', NULL, NULL, 0, 1, '1', NULL, NULL, NULL);
INSERT INTO `members` VALUES (231, 'kentro', 'c79e9921d0fc79294a19e4b11d4d15ff', 'yemi.yemi@aol.com', '105.112.23.30', NULL, '2019-03-03 22:48:15', NULL, 0.00, '', NULL, NULL, 0, 1, '1', NULL, NULL, NULL);
INSERT INTO `members` VALUES (232, '3mere7ink', '1587945053c13ad963d4f70f33287ecf', 'charlsehonneur@gmail.com', '197.210.52.63', NULL, '2019-03-04 06:00:00', NULL, 0.00, '', NULL, NULL, 0, 1, '1', NULL, NULL, NULL);
INSERT INTO `members` VALUES (233, 'escoba', '740ba3918289d34e50284e132c0afca4', 'kwcongl@gmail.com', '105.112.42.88', NULL, '2019-03-04 08:48:27', NULL, 0.00, '', NULL, NULL, 0, 1, '1', NULL, NULL, NULL);
INSERT INTO `members` VALUES (234, 'weihagens', 'a2e2c8f370eccf6d2a3184e7e5bb64ba', 'weihagens@yahoo.de', '108.170.19.140', NULL, '2019-03-04 08:53:36', NULL, 0.00, '', NULL, NULL, 0, 1, '1', NULL, NULL, NULL);
INSERT INTO `members` VALUES (235, 'loversdog212', 'a211ea80b055711cafa0799d89789339', 'loversdog212@gmail.com', '185.232.22.216', NULL, '2019-03-04 09:49:39', NULL, 0.00, '', NULL, NULL, 0, 1, '1', NULL, NULL, NULL);
INSERT INTO `members` VALUES (236, 'carol', '2ed9b6a2d3e8ba6cecb548b4a1261f59', 'carolcarol1455@gmail.com', '85.146.74.192', NULL, '2019-03-04 09:56:18', NULL, 0.00, '', NULL, NULL, 0, 1, '1', NULL, NULL, NULL);
INSERT INTO `members` VALUES (237, 'vitlop', '10dfbd52a3faaf8161543b4b18ea546c', 'vitlop@yahoo.com', '92.38.86.175', NULL, '2019-03-04 10:45:50', NULL, 0.00, '', NULL, NULL, 0, 1, '1', NULL, NULL, NULL);
INSERT INTO `members` VALUES (238, 'hillsf8', 'ccb65ec09bc776bbc8990dd044ac4813', 'hillsf8@gmail.com', '105.112.36.24', NULL, '2019-03-04 10:49:33', NULL, 0.00, '', NULL, NULL, 0, 1, '1', NULL, NULL, NULL);
INSERT INTO `members` VALUES (239, 'ifeanyiezeala', '330b865eb6faa5f846ff8ccaf87134e2', 'chanmeng5050@gmail.com', '175.100.50.26', NULL, '2019-03-04 10:56:33', NULL, 0.00, '', NULL, NULL, 0, 1, '1', NULL, NULL, NULL);
INSERT INTO `members` VALUES (240, 'M4l3', '48ef57386566e9ae0b9acae35dba78de', 'm4ll3rsmit7@tuta.io', '178.128.72.207', NULL, '2019-03-04 15:34:57', NULL, 0.00, '', NULL, NULL, 0, 1, '1', NULL, NULL, NULL);
INSERT INTO `members` VALUES (241, 'loveseo', '40586cd468639ae734042f9754a34073', 'loveseo@yopmail.com', '43.248.37.224', NULL, '2019-03-04 15:51:24', NULL, 0.00, '', NULL, NULL, 0, 1, '1', NULL, NULL, NULL);
INSERT INTO `members` VALUES (242, 'admin123123', '4d995015028570d9706e39790bb3985a', 'admin123123@gmail.com', '185.192.69.168', NULL, '2019-03-04 16:51:21', NULL, 0.00, '', NULL, NULL, 0, 1, '1', NULL, NULL, NULL);
INSERT INTO `members` VALUES (243, 'charles', '118f760659d77e92c5bb1f71c4eb5ccf', '0testsmtp@gmail.com', '41.190.2.22', NULL, '2019-03-04 16:56:26', NULL, 0.00, '', NULL, NULL, 0, 1, '1', NULL, NULL, NULL);
INSERT INTO `members` VALUES (244, 'chizy77', '08f699ff68aaf760776cd24e3f7296ce', 'chizyshopify@gmail.com', '35.229.82.220', NULL, '2019-03-04 17:10:35', NULL, 0.00, '', NULL, NULL, 0, 1, '1', NULL, NULL, NULL);
INSERT INTO `members` VALUES (248, 'coolboy', 'b1ea3a8dedf818cdd3c6f2ead0fc3531', 'carl@mailinator.com', '41.190.31.173', NULL, '2019-03-05 00:14:06', NULL, 0.00, '', NULL, NULL, 0, 1, '1', NULL, NULL, NULL);
INSERT INTO `members` VALUES (249, 'hephzibah', '8c2da68c58901fdc2ac2ba2ff8e3ddb5', 'info.guram@mail.com', '178.134.113.107', NULL, '2019-03-05 00:20:50', NULL, 0.00, '', NULL, NULL, 0, 1, '1', NULL, NULL, NULL);
INSERT INTO `members` VALUES (250, 'homies', 'ac97995b9e5242eaeaf26bcd1580f9ac', 'westernpy2u@gmail.com', '197.157.145.193', NULL, '2019-03-05 00:44:45', NULL, 0.00, '', NULL, NULL, 0, 1, '1', NULL, NULL, NULL);
INSERT INTO `members` VALUES (251, 'leone', '54b4f58413c6329173cb23d83363b5a3', 'by_leone@hotmail.com', '177.203.42.17', NULL, '2019-03-05 01:37:00', NULL, 0.00, '', NULL, NULL, 0, 1, '1', NULL, NULL, NULL);
INSERT INTO `members` VALUES (252, 'Lordfgc', 'f58709559d0907f2840b0e58550002ae', 'Franknatale01@gmail.com', '41.203.78.173', NULL, '2019-03-05 06:57:47', NULL, 0.00, '', NULL, NULL, 0, 1, '1', NULL, NULL, NULL);
INSERT INTO `members` VALUES (253, 'cirockky', '1d5070d719c58464b919ab57951e7e90', 'fredrickgarcia14@gmail.com', '197.210.226.134', NULL, '2019-03-05 08:39:31', NULL, 0.00, '', NULL, NULL, 0, 1, '1', NULL, NULL, NULL);
INSERT INTO `members` VALUES (254, 'CHARLES01', 'eac600ca744e78c4f0b373b5757cd975', 'testsmtp0@yahoo.com', '41.190.2.46', NULL, '2019-03-05 11:00:03', NULL, 0.00, '', NULL, NULL, 0, 1, '1', NULL, NULL, NULL);
INSERT INTO `members` VALUES (255, 'nik3', '0556d14c0e13dfce97239eaad6d75718', 'nikechristoph3r@gmail.com', '41.203.78.173', NULL, '2019-03-05 12:48:32', NULL, 0.00, '', NULL, NULL, 0, 1, '1', NULL, NULL, NULL);
INSERT INTO `members` VALUES (256, 'stanphe', 'c1f7d65dbbe369889a02f29cc7e0a166', 'claudedill26@gmail.com', '130.105.234.156', NULL, '2019-03-05 13:26:50', NULL, 0.00, '', NULL, NULL, 0, 1, '1', NULL, NULL, NULL);
INSERT INTO `members` VALUES (257, 'sebastinekelly', 'bc2f7832b652d845e6e55fbafa250715', 'sebastinekelly59@gmail.com', '105.112.98.105', NULL, '2019-03-05 15:37:39', NULL, 0.00, '', NULL, NULL, 0, 1, '1', NULL, NULL, NULL);
INSERT INTO `members` VALUES (258, 'zkkiii111', '4cbb122a136c7ffb294d715cb6f92b40', 'octavmcc@gmil.com', '197.210.55.100', NULL, '2019-03-05 15:54:31', NULL, 0.00, '', NULL, NULL, 0, 1, '1', NULL, NULL, NULL);
INSERT INTO `members` VALUES (259, 'laideh1', 'dc5c7811f54a7dcfa4f830f235ea9f36', 'octavmcc@gmail.com', '197.210.55.100', NULL, '2019-03-05 15:55:54', NULL, 0.00, '', NULL, NULL, 0, 1, '1', NULL, NULL, NULL);
INSERT INTO `members` VALUES (260, 'gaga', '7f944598567f6ce786f0e09dfd5bf128', 'mauricediamond0@gmail.com', '151.29.143.53', NULL, '2019-03-05 20:45:46', NULL, 0.00, '', NULL, NULL, 0, 1, '1', NULL, NULL, NULL);
INSERT INTO `members` VALUES (261, 'loulou11', '32e8c9aa71ace852bf74e7f18dd9d589', 'augoutosfer1@netcourrier.com', '41.202.78.16', NULL, '2019-03-06 01:05:42', NULL, 0.00, '', NULL, NULL, 0, 1, '1', NULL, NULL, NULL);
INSERT INTO `members` VALUES (262, 'pivenza', 'b1ea3a8dedf818cdd3c6f2ead0fc3531', 'walebugatti@yahoo.com', '129.205.112.110', NULL, '2019-03-06 01:59:28', NULL, 0.00, '', NULL, NULL, 0, 1, '1', NULL, NULL, NULL);
INSERT INTO `members` VALUES (263, 'Xshell', 'c41ffc772daacd43e91e1289029f3547', 'Culibanphim.mmo@gmail.com', '27.76.119.84', NULL, '2019-03-06 03:46:57', NULL, 0.00, '', NULL, NULL, 0, 1, '1', NULL, NULL, NULL);
INSERT INTO `members` VALUES (264, 'castro123', '15f58c3b2d15a1ff3b577ca569a53f26', 'caesar4choice13@yahoo.com', '129.205.113.70', NULL, '2019-03-06 07:31:25', NULL, 0.00, '', NULL, NULL, 0, 1, '1', NULL, NULL, NULL);
INSERT INTO `members` VALUES (265, 'larryhack', '7e5492b335cca95b9d3ea966b30487d7', 'testsmtp0@yahoo.com', '197.242.146.39', NULL, '2019-03-06 09:13:41', NULL, 0.00, '', NULL, NULL, 0, 1, '1', NULL, NULL, NULL);
INSERT INTO `members` VALUES (266, 'stico', '84262e3587cac4a6a0e9b68bca650903', 'stico1423@gmail.com', '5.62.61.3', NULL, '2019-03-06 10:06:59', NULL, 0.00, '', NULL, NULL, 0, 1, '1', NULL, NULL, NULL);
INSERT INTO `members` VALUES (267, 'sticostico', '84262e3587cac4a6a0e9b68bca650903', 'stico1423@gmail.com', '5.62.61.3', NULL, '2019-03-06 10:08:14', NULL, 0.00, '', NULL, NULL, 0, 1, '1', NULL, NULL, NULL);
INSERT INTO `members` VALUES (268, 'Nelz', '2a5ed48107634fc65f9cef32c2abb096', 'robanallc@yandex.com', '129.56.100.101', NULL, '2019-03-06 10:16:46', NULL, 0.00, '', NULL, NULL, 0, 1, '1', NULL, NULL, NULL);
INSERT INTO `members` VALUES (269, 'server24', '58354a85e36f0f9a30c59624a34fc80f', 'gift@jbsse.com', '196.50.5.97', NULL, '2019-03-06 10:19:04', NULL, 1.00, '', NULL, NULL, 0, 1, '1', NULL, NULL, NULL);
INSERT INTO `members` VALUES (270, 'Az147147', '43c2f3301d5cfc9a2e5d7c577f07c9ca', 'mike.don143@gmail.com', '2402:1980:8143:', NULL, '2019-03-06 10:27:21', NULL, 0.00, '', NULL, NULL, 0, 1, '1', NULL, NULL, NULL);
INSERT INTO `members` VALUES (271, 'ishtibhai', '7de36c605659fa18de8445f970700353', 'ishti.bhai190@gmail.com', '182.186.241.106', NULL, '2019-03-06 14:12:01', NULL, 0.00, '', NULL, NULL, 0, 1, '1', NULL, NULL, NULL);
INSERT INTO `members` VALUES (272, 'kaoserali', '5ae27f9a643db5bebd83b7f9998fe07b', 'marketer.jony@gmail.com', '103.85.196.58', NULL, '2019-03-06 14:12:07', NULL, 0.00, '', NULL, NULL, 0, 1, '1', NULL, NULL, NULL);
INSERT INTO `members` VALUES (273, 'future', 'bf8b8b2c56d1fcd61bb57ef1f0a64d80', 'futurenameplatess@gmail.com', '197.210.53.21', NULL, '2019-03-06 14:13:45', NULL, 0.00, '', NULL, NULL, 0, 1, '1', NULL, NULL, NULL);
INSERT INTO `members` VALUES (274, 'mhall0011', '4635821f1fab775f183fd9339de51f34', 'chris_asoluka@yahoo.com', '41.203.78.173', NULL, '2019-03-06 14:14:37', NULL, 0.00, '', NULL, NULL, 0, 1, '1', NULL, NULL, NULL);
INSERT INTO `members` VALUES (275, 'wizzymoney', '0f4d10887db483488279e8e47c9aabad', 'sales.asco@arabsupplier.com', '41.58.118.129', NULL, '2019-03-06 14:16:34', NULL, 0.00, '', NULL, NULL, 0, 1, '1', NULL, NULL, NULL);
INSERT INTO `members` VALUES (276, 'Official77', 'e18260ad367018c6d1178b483f8520f7', 'myrechan@163.com', '168.253.116.52', NULL, '2019-03-06 15:14:30', NULL, 0.00, '', NULL, NULL, 0, 1, '1', NULL, NULL, NULL);
INSERT INTO `members` VALUES (277, 'rezultboxx', 'cc99aafd9f9a07a10312eeb4997570ae', 'journeys216@gmail.com', '45.221.85.146', NULL, '2019-03-06 18:54:59', NULL, 0.00, '', NULL, NULL, 0, 1, '1', NULL, NULL, NULL);
INSERT INTO `members` VALUES (278, 'yhtryhrftyrfy', '8e00e232ca99018ff489b803a283b276', 'yhtryhrftyrfy@gmail.com', '204.85.191.31', NULL, '2019-03-06 19:39:38', NULL, 0.00, '', NULL, NULL, 0, 1, '1', NULL, NULL, NULL);
INSERT INTO `members` VALUES (279, 'nosreality', '3787df2825310e786ade7f8508f1efdd', 'nosreality@yahoo.com', '154.160.21.39', NULL, '2019-03-06 19:56:17', NULL, 0.00, '', NULL, NULL, 0, 1, '1', NULL, NULL, NULL);
INSERT INTO `members` VALUES (280, 'larich', '727a0dbc65aeaebf9145d8b3e2924dff', 'Anulawaal@gmail.com', '198.96.95.248', NULL, '2019-03-06 19:56:26', NULL, 0.00, '', NULL, NULL, 0, 1, '1', NULL, NULL, NULL);
INSERT INTO `members` VALUES (281, 'rlopeez89', '61b7552d9c18c905d4961590788d1be4', 'rlopeez89@gmail.com', '131.100.254.2', NULL, '2019-03-06 20:22:22', NULL, 0.00, '', NULL, NULL, 0, 1, '1', NULL, NULL, NULL);
INSERT INTO `members` VALUES (282, 'uid0', '438a30776b58441cccc8f226aa215c4d', 'bpcpanel@protonmail.com', '91.209.70.9', NULL, '2019-03-06 20:32:28', NULL, 0.00, '', NULL, NULL, 0, 1, '1', NULL, NULL, NULL);
INSERT INTO `members` VALUES (283, 'homies123', '32162867b33dad232090bf89eafb861a', 'alsharqgroup.com@gmail.com', '197.157.135.126', NULL, '2019-03-06 22:32:00', NULL, 0.00, '', NULL, NULL, 0, 1, '1', NULL, NULL, NULL);
INSERT INTO `members` VALUES (284, 'hanger', '5ed2db0af4643b343009c2e054647e89', 'joeromorabay@gmail.com', '154.117.124.25', NULL, '2019-03-06 22:38:52', NULL, 0.00, '', NULL, NULL, 0, 1, '1', NULL, NULL, NULL);
INSERT INTO `members` VALUES (285, 'mumu', '222a4f5210abb9b2b0bd3bd4272cd713', 'mumu@mumu.com', '41.190.31.249', NULL, '2019-03-06 23:05:00', NULL, 0.00, '', NULL, NULL, 0, 1, '1', NULL, NULL, NULL);
INSERT INTO `members` VALUES (286, 'nigerian21', '952735faf7be037d8ad6d943ef55740e', 'rubynez59@gmail.com', '2601:246:102:40', NULL, '2019-03-06 23:07:09', NULL, 0.00, '', NULL, NULL, 0, 1, '1', NULL, NULL, NULL);
INSERT INTO `members` VALUES (287, 'footstep', '9efdd2b7e53b5111d14eedfcf7ed13e6', 'wndeal@aol.com', '213.205.194.237', NULL, '2019-03-06 23:20:46', NULL, 0.00, '', NULL, NULL, 0, 1, '1', NULL, NULL, NULL);
INSERT INTO `members` VALUES (288, 'sn00k13', '5022b9c0fefc7392f9d7168bbcf0615c', 'qsehm072@gmail.com', '185.244.30.115', NULL, '2019-03-07 06:09:28', NULL, 0.00, '', NULL, NULL, 0, 1, '1', NULL, NULL, NULL);
INSERT INTO `members` VALUES (289, 'MikeINC1', '94116765d03db2372e8d02a4424076f2', 'vdesnl@gmail.com', '180.149.231.244', NULL, '2019-03-07 08:44:07', NULL, 0.00, '', NULL, NULL, 0, 1, '1', NULL, NULL, NULL);
INSERT INTO `members` VALUES (290, 'Lucky007', '00e882625dd7bf8eaca2772e8652ead1', 'chinatradersfair09@gmail.com', '105.112.27.35', NULL, '2019-03-07 09:42:24', NULL, 0.00, '', NULL, NULL, 0, 1, '1', NULL, NULL, NULL);
INSERT INTO `members` VALUES (291, 'samyray71', '9a3cc4ec6aabaddde780be492c9fc057', 'samyray71@yahoo.com', '129.56.87.221', NULL, '2019-03-07 10:36:07', NULL, 0.00, '', NULL, NULL, 0, 1, '1', NULL, NULL, NULL);
INSERT INTO `members` VALUES (292, 'jmswiel', '9de60828e711d63bcd3baf7aba781249', 'jmswiel@gmail.com', '223.228.11.213', NULL, '2019-03-07 14:09:48', NULL, 0.00, '', NULL, NULL, 0, 1, '1', NULL, NULL, NULL);
INSERT INTO `members` VALUES (293, 'godson', 'a284e988b11b6f18ee8782dc1b7fc81c', 'kelchichuke@yahoo.com', '129.56.79.103', NULL, '2019-03-07 16:21:01', NULL, 0.00, '', NULL, NULL, 0, 1, '1', NULL, NULL, NULL);
INSERT INTO `members` VALUES (294, 'emmiclane', 'c457878953b1a1e1b4bae27b71166ece', 'emmiclane@gmail.com', '105.112.32.87', NULL, '2019-03-07 17:04:19', NULL, 0.00, '', NULL, NULL, 0, 1, '1', NULL, NULL, NULL);
INSERT INTO `members` VALUES (295, 'knatty007', '4316bef2bde1b76f2a55bad0d967b20a', 'suedem0102@gmail.com', '185.236.200.25', NULL, '2019-03-07 20:55:48', NULL, 0.00, '', NULL, NULL, 0, 1, '1', NULL, NULL, NULL);
INSERT INTO `members` VALUES (296, 'debolalar12', '39e312b0f29e182ca7d1109dd5dd7958', 'debolalar1@hotmail.com', '197.242.119.168', NULL, '2019-03-07 21:15:29', NULL, 0.00, '', NULL, NULL, 0, 1, '1', NULL, NULL, NULL);
INSERT INTO `members` VALUES (297, 'Agbawire112', 'd9bf033356f7993fdd9adfad99a66cb0', 'thomas.dulude007@gmail.com', '154.118.44.36', NULL, '2019-03-07 23:08:39', NULL, 0.00, '', NULL, NULL, 0, 1, '1', NULL, NULL, NULL);
INSERT INTO `members` VALUES (298, 'Pappysally112', 'bc32ad31c8c66f06ca9b79acf0ce5084', 'denisealford081@gmail.com', '129.146.97.23', NULL, '2019-03-07 23:11:10', NULL, 0.00, '', NULL, NULL, 0, 1, '1', NULL, NULL, NULL);
INSERT INTO `members` VALUES (299, 'colddirk', '6b6b1f04e58851e426bc7b4470fc50d3', 'plabon.rh@gmail.com', '118.179.74.73', NULL, '2019-03-08 04:21:02', NULL, 0.00, '', NULL, NULL, 0, 1, '1', NULL, NULL, NULL);
INSERT INTO `members` VALUES (300, 'maxwatson0786', 'b3eb434668de169a41ffbaca2820921c', 'maxwatson0786@gmail.com', '122.176.134.101', NULL, '2019-03-08 07:46:44', NULL, 0.00, '', NULL, NULL, 0, 1, '1', NULL, NULL, NULL);
INSERT INTO `members` VALUES (301, 'Danny101', 'a6e825194364b7d7e858ddfbab1252c0', 'rmicheal111@yahoo.co.uk', '199.114.218.118', NULL, '2019-03-08 08:02:52', NULL, 0.00, '', NULL, NULL, 0, 1, '1', NULL, NULL, NULL);
INSERT INTO `members` VALUES (302, 'Chike', '24935901741ae33495f942b3b7ec054f', 'planeteesccrime@gmail.com', '105.8.7.172', NULL, '2019-03-08 08:46:52', NULL, 0.00, '', NULL, NULL, 0, 1, '1', NULL, NULL, NULL);
INSERT INTO `members` VALUES (303, 'cdavids77', '63b51f1bb64eeb05faf7ead1fb76bc45', 'chrobtts@gmail.com', '46.45.138.102', NULL, '2019-03-08 09:16:37', NULL, 0.00, '', NULL, NULL, 0, 1, '1', NULL, NULL, NULL);
INSERT INTO `members` VALUES (304, 'foryou2', '5a02f75194a57e15505433fd5372f4cd', 'icq.user.c@gmail.com', '182.20.87.178', NULL, '2019-03-08 09:34:08', NULL, 0.00, '', NULL, NULL, 0, 1, '1', NULL, NULL, NULL);
INSERT INTO `members` VALUES (305, 'Streetking', 'e44f72fa3a3d280c618f2b04528ce3ae', 'Beyioku2000@yahoo.com', '105.112.37.165', NULL, '2019-03-08 10:45:00', NULL, 0.00, '', NULL, NULL, 0, 1, '1', NULL, NULL, NULL);
INSERT INTO `members` VALUES (306, 'niyon377', '264a4ad8fd85a7c2b7c71c1307a049bc', 'howelldavid918@yahoo.com', '69.94.8.56', NULL, '2019-03-08 16:28:58', NULL, 0.00, '', NULL, NULL, 0, 1, '1', NULL, NULL, NULL);
INSERT INTO `members` VALUES (307, 'Jyoti', 'eafe38e84080df31d429b0c8d891c189', 'jyotivardhan13@gmail.com', '103.70.200.223', NULL, '2019-03-08 16:33:58', NULL, 0.00, '', NULL, NULL, 0, 1, '1', NULL, NULL, NULL);
INSERT INTO `members` VALUES (308, 'bookresume2018', '380d0aa3483b91f67e302548619a04f8', 'bookresume2018@yahoo.com', '129.56.89.249', NULL, '2019-03-08 20:38:30', NULL, 0.00, '', NULL, NULL, 0, 1, '1', NULL, NULL, NULL);
INSERT INTO `members` VALUES (309, 'support06', '50e1f0211d46d362c7d887383efdbaad', 'bedonseller@yahoo.com', '178.132.217.68', NULL, '2019-03-08 20:43:45', NULL, 0.00, '', NULL, NULL, 0, 1, '1', NULL, NULL, NULL);
INSERT INTO `members` VALUES (310, 'loft123', 'bc0d2899b65451d23c104d1d1ff172d9', 'loft.hotels@gmail.com', '85.203.46.38', NULL, '2019-03-08 23:00:26', NULL, 0.00, '', NULL, NULL, 0, 1, '1', NULL, NULL, NULL);
INSERT INTO `members` VALUES (311, 'rick', '84d5f93305b7de2949474f913616c58a', 'soulgreen60@gmail.com', '108.245.14.202', NULL, '2019-03-08 23:47:47', NULL, 0.00, '', NULL, NULL, 0, 1, '1', NULL, NULL, NULL);
INSERT INTO `members` VALUES (312, 'kelias', '47a416f5e7881597274acfb377df92d9', 'kelias.in@chithi.xyz', '95.211.101.230', NULL, '2019-03-09 16:06:27', NULL, 0.00, '', NULL, NULL, 0, 1, '1', NULL, NULL, NULL);
INSERT INTO `members` VALUES (313, 'samhand', '14be5fe00c912d1c157bd218d55227a7', 'samhand46@gmail.com', '41.66.209.152', NULL, '2019-03-09 17:20:49', NULL, 0.00, '', NULL, NULL, 0, 1, '1', NULL, NULL, NULL);
INSERT INTO `members` VALUES (314, 'guruhak', '5d064a3df31685d3ff4ef7ae003a7a09', 'guruhak@protonmail.com', '154.118.18.35', NULL, '2019-03-10 00:02:11', NULL, 0.00, '', NULL, NULL, 0, 1, '1', NULL, NULL, NULL);
INSERT INTO `members` VALUES (315, 'dealdirect01', '9c0fa26fc6a7424cabec4c31cf649ae0', 'sreza@live.in', '105.112.34.61', NULL, '2019-03-10 03:46:24', NULL, 0.00, '', NULL, NULL, 0, 1, '1', NULL, NULL, NULL);
INSERT INTO `members` VALUES (316, 'daloarcpa', '960694eb76e9e5ab6e94370b9ae6a71b', 'daloarcpa@gmail.com', '103.115.82.1', NULL, '2019-03-10 15:39:27', NULL, 0.00, '', NULL, NULL, 0, 1, '1', NULL, NULL, NULL);
INSERT INTO `members` VALUES (317, 'collinsd0001', '9747eaa1b00052147da4f93c458e4922', 'dianewills71@yahoo.com', '105.0.7.231', NULL, '2019-03-10 19:09:45', NULL, 0.00, '', NULL, NULL, 0, 1, '1', NULL, NULL, NULL);
INSERT INTO `members` VALUES (318, 'tunepamailer01234', 'c81fd94a0a51b28b67f78f5e66eac8a4', 'tunepamailer01234@cock.li', '129.56.62.140', NULL, '2019-03-10 20:43:02', NULL, 0.00, '', NULL, NULL, 0, 1, '1', NULL, NULL, NULL);
INSERT INTO `members` VALUES (319, 'rhonda123', 'a14c564b89f4a897ba4ffaabcd44d8c0', 'rbox49@yahoo.com', '104.37.31.56', NULL, '2019-03-10 21:42:44', NULL, 0.00, '', NULL, NULL, 0, 1, '1', NULL, NULL, NULL);
INSERT INTO `members` VALUES (320, 'eward1932', '8b0fe09dfb7700fc5be8943908b95a1b', 'eward1932@gmail.com', '103.57.85.13', NULL, '2019-03-10 21:50:22', NULL, 0.00, '', NULL, NULL, 0, 1, '1', NULL, NULL, NULL);
INSERT INTO `members` VALUES (321, 'champ123', '963c963e5c372aabe2721597b5157a09', 'champdecci@gmail.com', '129.56.51.72', NULL, '2019-03-10 23:35:35', NULL, 0.00, '', NULL, NULL, 0, 1, '1', NULL, NULL, NULL);
INSERT INTO `members` VALUES (322, 'wetershot', '63f3931dfc2721212ddec8ea633d6252', 'wetershot1@yahoo.com.my', '105.112.96.69', NULL, '2019-03-11 08:53:03', NULL, 0.00, '', NULL, NULL, 0, 1, '1', NULL, NULL, NULL);
INSERT INTO `members` VALUES (323, 'cvv345', '7c3f489d907237c6510ab6fa909e7ce8', 'louisewheelerrr@gmail.com', '105.112.35.38', NULL, '2019-03-11 08:53:17', NULL, 0.00, '', NULL, NULL, 0, 1, '1', NULL, NULL, NULL);
INSERT INTO `members` VALUES (324, 'paplextu', '9dbb1f86ce585f05b3d9d318fe1f3bc6', 'paplextuo@yahoo.com', '197.210.226.64', NULL, '2019-03-11 09:07:10', NULL, 0.00, '', NULL, NULL, 0, 1, '1', NULL, NULL, NULL);
INSERT INTO `members` VALUES (325, 'krivoc', 'c3d17354a45f0ffacd070a63ae89e46c', 'aow19200@gmail.com', '117.20.117.189', NULL, '2019-03-11 16:28:44', NULL, 0.00, '', NULL, NULL, 0, 1, '1', NULL, NULL, NULL);
INSERT INTO `members` VALUES (326, 'Tun3chi101', '8091c462c7551f8075ecec4af88e6ec4', 'brainnypat@hotmail.com', '129.56.105.251', NULL, '2019-03-11 16:42:40', NULL, 2.00, '', NULL, NULL, 0, 1, '1', NULL, NULL, NULL);
INSERT INTO `members` VALUES (327, 'osteensmith', 'ccfc40df67547d40dd18f2db1409c28b', 'osteensmithsolicitors@live.com', '91.192.100.33', NULL, '2019-03-11 19:07:43', NULL, 0.00, '', NULL, NULL, 0, 1, '1', NULL, NULL, NULL);
INSERT INTO `members` VALUES (328, 'iamolabigboy', '0eaae0f52901572a4470fd6985112dfb', 'letusspamolamide@yahoo.com', '154.120.113.248', NULL, '2019-03-11 23:27:59', NULL, 0.00, '', NULL, NULL, 0, 1, '1', NULL, NULL, NULL);
INSERT INTO `members` VALUES (329, 'ufuos101', '32e63b99d5c0a4a60446b1a9ac75bdf3', 'georgesweat231@gmail.com', '105.112.16.225', NULL, '2019-03-12 00:41:43', NULL, 0.00, '', NULL, NULL, 0, 1, '1', NULL, NULL, NULL);
INSERT INTO `members` VALUES (330, 'Rhino', '3b56d5560029fc5cdb191aee5f7a9444', 'panther46@yandex.com', '41.203.78.187', NULL, '2019-03-12 01:24:56', NULL, 0.00, '', NULL, NULL, 0, 1, '1', NULL, NULL, NULL);
INSERT INTO `members` VALUES (331, 'rolexmilly', '9dc3288714c55e599a3522141bf14db9', 'resultpage87@gmail.com', '129.56.52.53', NULL, '2019-03-12 01:46:42', NULL, 46.00, '', NULL, NULL, 0, 1, '1', NULL, NULL, NULL);
INSERT INTO `members` VALUES (332, 'mark.spin011', '25102fe62555737efff15e56eed89dd4', 'mark.spin011@gmail.com', '94.197.95.137', NULL, '2019-03-12 08:54:38', NULL, 25.00, '', NULL, NULL, 0, 1, '1', NULL, NULL, NULL);
INSERT INTO `members` VALUES (333, 'amaslim90', '0c13e4279d55ada5c6fdc1b326945602', 'amaslim90@yahoo.com', '129.56.105.1', NULL, '2019-03-12 09:28:24', NULL, 0.00, '', NULL, NULL, 0, 1, '1', NULL, NULL, NULL);
INSERT INTO `members` VALUES (334, 'casualonakoya', 'c20395b17df8533e068848685ac9d8dd', 'victorinutrisprinter@gmail.com', '105.112.75.190', NULL, '2019-03-12 09:30:28', NULL, 9.00, '', NULL, NULL, 0, 1, '1', NULL, NULL, NULL);
INSERT INTO `members` VALUES (335, 'bhplanet', 'eb665b89c7b6b47a9ba9e8772cce2441', 'bh.planet@gmail.com', '108.198.13.125', NULL, '2019-03-12 12:26:15', NULL, 0.00, '', NULL, NULL, 0, 1, '1', NULL, NULL, NULL);
INSERT INTO `members` VALUES (336, 'anuluv', '6cd89f977bc52d8fb4fcfcadc8d47193', 'deigoaltamira@gmail.com', '197.255.40.191', NULL, '2019-03-12 13:48:39', NULL, 0.00, '', NULL, NULL, 0, 1, '1', NULL, NULL, NULL);
INSERT INTO `members` VALUES (337, 'lalasky', 'f54675a572077135660790d2cf039cfe', 'eresult4@gmail.com', '160.152.50.38', NULL, '2019-03-12 14:59:02', NULL, 0.00, '', NULL, NULL, 0, 1, '1', NULL, NULL, NULL);
INSERT INTO `members` VALUES (338, 'wotuvont', 'fd08b4e91c7e041e31494dd2c08ce0b6', 'wotuvont@gmail.com', '137.59.144.81', NULL, '2019-03-12 17:07:33', NULL, 0.00, '', NULL, NULL, 0, 1, '1', NULL, NULL, NULL);
INSERT INTO `members` VALUES (339, 'najuma', 'ad7f960592318e33c113769eacd57c95', 'najumasami@yahoo.com', '41.190.30.207', NULL, '2019-03-12 19:36:42', NULL, 0.00, '', NULL, NULL, 0, 1, '1', NULL, NULL, NULL);
INSERT INTO `members` VALUES (340, 'mayororch', '733f95ab2f1dacadde4bbddfe0cca18a', 'wirewire1992@gmail.com', '105.112.98.44', NULL, '2019-03-13 00:09:29', NULL, 0.00, '', NULL, NULL, 0, 1, '1', NULL, NULL, NULL);
INSERT INTO `members` VALUES (341, 'michealfanada', 'f6b3ba1cb27bd94a079801f865adb4fe', 'michealfanada@yahoo.com', '129.205.113.92', NULL, '2019-03-13 00:31:20', NULL, 0.00, '', NULL, NULL, 0, 1, '1', NULL, NULL, NULL);
INSERT INTO `members` VALUES (342, 'ola11', 'c79424df3bddcc5953276d5446b7b36b', 'akinwhytony@yahoo.com', '41.190.31.12', NULL, '2019-03-13 12:04:42', NULL, 0.00, '', NULL, NULL, 0, 1, '1', NULL, NULL, NULL);
INSERT INTO `members` VALUES (343, 'harshwardhan', 'f37873b569083c63e0b189e0ab6a6f35', 'harshwardhan.dangra@gmail.com', '103.72.10.93', NULL, '2019-03-13 18:35:38', NULL, 0.00, '', NULL, NULL, 0, 1, '1', NULL, NULL, NULL);
INSERT INTO `members` VALUES (440, 'cotu', '224df22f6098963f48a4c9a6c66f69d6', 'cotu@click-mail.net', '41.141.33.136', NULL, '2019-03-14 03:52:51', NULL, 0.00, '', NULL, NULL, 0, 1, '1', NULL, NULL, NULL);
INSERT INTO `members` VALUES (7004, 'FuckFuck', '57865f40ea145167e9d7e76f5d597d7e', 'pro@virtual-email.com', '37.239.133.10', NULL, '2019-03-14 04:15:50', NULL, 0.00, '', NULL, NULL, 0, 1, '1', NULL, NULL, NULL);
INSERT INTO `members` VALUES (10013, 'select', 'eaf31b5c8773e49169c4cb5fae85844b', 'hostophp@gmail.com', '185.120.36.146', NULL, '2019-03-14 20:00:30', NULL, 0.00, '', NULL, NULL, 0, 1, '1', NULL, NULL, NULL);
INSERT INTO `members` VALUES (10012, 'ftpumps', '936c1666f4c8ce486585a7ce873d2dba', 'damnheights2120@gmail.com', '87.239.255.101', NULL, '2019-03-14 19:40:42', NULL, 0.00, '', NULL, NULL, 0, 1, '1', NULL, NULL, NULL);
INSERT INTO `members` VALUES (10011, 'code', 'eaf31b5c8773e49169c4cb5fae85844b', 'infasdasdo@benreasdasdport.al', '185.120.36.146', NULL, '2019-03-14 19:01:24', NULL, 0.00, '', NULL, NULL, 0, 1, '0', NULL, NULL, NULL);
INSERT INTO `members` VALUES (10010, 'hassankhalid', '3adbd5905930f4e2d1ce06e6f8b21980', 'hassankhalid50@gmail.com', '103.255.5.84', NULL, '2019-03-14 15:32:37', NULL, 0.00, '', NULL, NULL, 0, 1, '1', NULL, NULL, NULL);
INSERT INTO `members` VALUES (10009, 'support6', '30c68f644a189927eb780df729b84df9', 'hiyadidex@gmail.com', '41.250.237.184', NULL, '2019-03-14 11:40:57', NULL, 0.00, '', NULL, NULL, 0, 1, '1', NULL, NULL, NULL);
INSERT INTO `members` VALUES (10008, 'hasjjaj1222200', 'c24cd1bbf71ef3c58a34d33b6ce69d28', 'rahikad@virtual-email.com', '50.21.190.19', NULL, '2019-03-14 10:29:25', NULL, 0.00, '', NULL, NULL, 0, 1, '1', NULL, NULL, NULL);
INSERT INTO `members` VALUES (10007, 'shinefons1', '020e23bf71a27dffbe9d691bb4b8f133', 'joshua_nkosi@yahoo.com', '105.0.1.106', NULL, '2019-03-14 10:28:36', NULL, 0.00, '', NULL, NULL, 0, 1, '1', NULL, NULL, NULL);
INSERT INTO `members` VALUES (10006, 'abed741', '6f47ad616a8cd159c9062f9b228f1ff8', 'ggabdallah8@gmail.com', '82.205.14.230', NULL, '2019-03-14 09:46:18', NULL, 0.00, '', NULL, NULL, 0, 1, '1', NULL, NULL, NULL);
INSERT INTO `members` VALUES (10002, 'qweqwe21', 'b9a7fb64219ed3e84d0edaff90ea86c4', 'qweqwe21@yahoo.com', '112.200.191.190', NULL, '2019-03-14 05:40:48', NULL, 0.00, '', NULL, NULL, 0, 1, '1', NULL, NULL, NULL);
INSERT INTO `members` VALUES (10003, 'qwertyrin', 'dd3acb4979cfef3ee4e725308c48d752', 'qewr@gmail.com', '77.173.223.34', NULL, '2019-03-14 06:09:41', NULL, 0.00, '', NULL, NULL, 0, 1, '1', NULL, NULL, NULL);
INSERT INTO `members` VALUES (10004, 'ArunEppanapelly', '09150254b259b592f5ffccc9cfaa4874', 'arun.ippanapelly@gmail.com', '183.82.108.248', NULL, '2019-03-14 07:23:56', NULL, 0.00, '', NULL, NULL, 0, 1, '1', NULL, NULL, NULL);
INSERT INTO `members` VALUES (10005, 'sarok', 'a3200bccef4cfd02a55d589c4c098f97', 'sarokxxx0@yahoo.com', '212.237.122.240', NULL, '2019-03-14 07:48:28', NULL, 0.00, '', NULL, NULL, 0, 1, '1', NULL, NULL, NULL);
INSERT INTO `members` VALUES (10014, 'jenson', 'b187d3c7ebbab67552b48544a3f7fe6c', 'Jenson.Collins@hotmail.com', '::1', 'jenson.collins@hotmail.com', '2019-08-26 14:51:58', NULL, 90.01, '', NULL, NULL, 11, 1, '1', 'green', 'black', 'http://127.0.0.1:99/assets/img/sidebar-4.jpg');
INSERT INTO `members` VALUES (10016, 'asdfasdf', 'b187d3c7ebbab67552b48544a3f7fe6c', 'asdfasdf@gmail.com', '127.0.0.1', NULL, '2019-08-26 19:50:12', NULL, 0.00, '', NULL, NULL, 0, 1, '0', NULL, NULL, NULL);
INSERT INTO `members` VALUES (10018, 'abcd', 'b187d3c7ebbab67552b48544a3f7fe6c', 'abcd@gmail.com', '127.0.0.1', NULL, '2019-09-01 01:41:59', NULL, 0.00, NULL, NULL, NULL, 0, 1, '1', 'green', 'black', 'http://127.0.0.1:99/assets/img/sidebar-3.jpg');

-- ----------------------------
-- Table structure for menu
-- ----------------------------
DROP TABLE IF EXISTS `menu`;
CREATE TABLE `menu`  (
  `id` int(11) NOT NULL AUTO_INCREMENT,
  `parent_id` int(11) NULL DEFAULT 0,
  `menu_name` varchar(255) CHARACTER SET utf8 COLLATE utf8_general_ci NULL DEFAULT NULL,
  `menu_type` int(2) NULL DEFAULT 1 COMMENT '1: normal, 2: admin',
  `menu_icon` varchar(255) CHARACTER SET utf8 COLLATE utf8_general_ci NULL DEFAULT NULL,
  `menu_title` varchar(255) CHARACTER SET utf8 COLLATE utf8_general_ci NULL DEFAULT NULL,
  `menu_link` varchar(255) CHARACTER SET utf8 COLLATE utf8_general_ci NULL DEFAULT NULL,
  `visible` int(1) NULL DEFAULT 1,
  PRIMARY KEY (`id`) USING BTREE
) ENGINE = InnoDB AUTO_INCREMENT = 17 CHARACTER SET = utf8 COLLATE = utf8_general_ci ROW_FORMAT = Compact;

-- ----------------------------
-- Records of menu
-- ----------------------------
INSERT INTO `menu` VALUES (1, 0, 'Send', 0, '<i class=\"material-icons\">image</i>', 'Send', NULL, 0);
INSERT INTO `menu` VALUES (2, 0, 'Buy SMTP', 0, '<i class=\"fa fa-send\"></i>', 'SMTPS', 'smtps', 1);
INSERT INTO `menu` VALUES (3, 0, 'Purchased', 0, '<i class=\"menu-icon fa fa-shopping-cart\"></i>', 'Purchased', 'purchased', 1);
INSERT INTO `menu` VALUES (4, 0, 'Tickets', 0, '<i class=\"menu-icon fa fa-ticket\"></i>', 'tickets', 'tickets', 1);
INSERT INTO `menu` VALUES (5, 0, 'Add Fund', 0, '<i class=\"menu-icon fa fa-dollar\"></i>', 'Add Funds', 'balance', 1);
INSERT INTO `menu` VALUES (6, 0, 'Rules', 0, '<i class=\"menu-icon fa  fa-pencil-square-o\"></i>', 'Rules', 'rules', 1);
INSERT INTO `menu` VALUES (8, 0, 'Dashboard', 11, '<i class=\"menu-icon fa fa-home\"></i>', 'Dashboard', 'admin', 1);
INSERT INTO `menu` VALUES (9, 0, 'Support', 11, '<i class=\"menu-icon fa fa-pencil\"></i>', 'Support', 'admin/support', 1);
INSERT INTO `menu` VALUES (10, 0, 'Add Tools', 11, '<i class=\"menu-icon fa  fa-plus\"></i>', 'Add Tools', 'admin/add', 1);
INSERT INTO `menu` VALUES (11, 0, 'Users', 11, '<i class=\"menu-icon fa  fa-users\"></i>', 'Users', 'admin/users', 1);
INSERT INTO `menu` VALUES (12, 0, 'Transactions', 11, '<i class=\"menu-icon fa  fa-dollar\"></i>', 'Transactions', 'admin/transactions', 1);
INSERT INTO `menu` VALUES (13, 0, 'Manual Payment', 11, '<i class=\"menu-icon fa  fa-shopping-cart\"></i>', 'Manual Payment', 'admin/manual', 1);
INSERT INTO `menu` VALUES (14, 0, 'Unsold', 11, '<i class=\"menu-icon fa  fa-shopping-cart\"></i>', 'Unsold', 'admin/unsold', 1);
INSERT INTO `menu` VALUES (15, 0, 'Sold', 11, '<i class=\"menu-icon fa  fa-shopping-cart\"></i>', 'Sold', 'admin/sold', 1);
INSERT INTO `menu` VALUES (16, 0, 'Menu', 11, '<i class=\"menu-icon fa fa-gear\"></i>', 'Menu', 'admin/menu', 1);

-- ----------------------------
-- Table structure for news
-- ----------------------------
DROP TABLE IF EXISTS `news`;
CREATE TABLE `news`  (
  `id` int(11) NOT NULL AUTO_INCREMENT,
  `title` varchar(255) CHARACTER SET latin1 COLLATE latin1_swedish_ci NOT NULL,
  `content` text CHARACTER SET latin1 COLLATE latin1_swedish_ci NOT NULL,
  `date` datetime(0) NOT NULL,
  PRIMARY KEY (`id`) USING BTREE
) ENGINE = MyISAM AUTO_INCREMENT = 5 CHARACTER SET = latin1 COLLATE = latin1_swedish_ci ROW_FORMAT = Dynamic;

-- ----------------------------
-- Records of news
-- ----------------------------
INSERT INTO `news` VALUES (2, '', 'Checker will soon be online', '2019-02-08 00:00:00');

-- ----------------------------
-- Table structure for notification
-- ----------------------------
DROP TABLE IF EXISTS `notification`;
CREATE TABLE `notification`  (
  `id` int(11) NOT NULL,
  `user_id` int(11) NOT NULL,
  `type` int(11) NOT NULL,
  `title` varchar(200) CHARACTER SET latin1 COLLATE latin1_swedish_ci NOT NULL,
  `content` varchar(500) CHARACTER SET latin1 COLLATE latin1_swedish_ci NOT NULL,
  `link` varchar(500) CHARACTER SET latin1 COLLATE latin1_swedish_ci NOT NULL,
  `time` datetime(0) NOT NULL,
  `sendet` enum('0','1') CHARACTER SET latin1 COLLATE latin1_swedish_ci NULL DEFAULT '0',
  `method` varchar(10) CHARACTER SET latin1 COLLATE latin1_swedish_ci NULL DEFAULT NULL,
  PRIMARY KEY (`id`) USING BTREE
) ENGINE = MyISAM CHARACTER SET = latin1 COLLATE = latin1_swedish_ci ROW_FORMAT = Dynamic;

-- ----------------------------
-- Table structure for settings
-- ----------------------------
DROP TABLE IF EXISTS `settings`;
CREATE TABLE `settings`  (
  `id` int(11) NOT NULL AUTO_INCREMENT,
  `setting_key` varchar(255) CHARACTER SET latin1 COLLATE latin1_swedish_ci NOT NULL,
  `setting_value` varchar(500) CHARACTER SET latin1 COLLATE latin1_swedish_ci NULL DEFAULT NULL,
  `setting_comment` varchar(255) CHARACTER SET latin1 COLLATE latin1_swedish_ci NULL DEFAULT NULL,
  PRIMARY KEY (`id`) USING BTREE
) ENGINE = MyISAM AUTO_INCREMENT = 18 CHARACTER SET = latin1 COLLATE = latin1_swedish_ci ROW_FORMAT = Dynamic;

-- ----------------------------
-- Records of settings
-- ----------------------------
INSERT INTO `settings` VALUES (1, 'site_name', 'SMTP SHOP', 'This is the title of the site');
INSERT INTO `settings` VALUES (2, 'pm_payee_account', 'U15572862', 'This is the PM account of the payee');
INSERT INTO `settings` VALUES (3, 'pm_payee_name', 'VPOX', 'This is the PM name of the payee');
INSERT INTO `settings` VALUES (15, 'btc_api_key', '97a8535a-7538-4470-8aa6-c318bb8b8f5e', 'THE API_KEY of BTC');
INSERT INTO `settings` VALUES (16, 'btc_xpub', 'xpub6DVcHXwt45JBk1qHf6HPbPKi4T5P9fnDef7oEuqieC2cvNSSyZKzMtLUkU5FuGFLm4RvsNDCKW6ECyw9rYYhoiGRkXN53uWFsdh9yogWdyA', 'The xpub of BTC');
INSERT INTO `settings` VALUES (17, 'GEO_API_KEY', 'b6269160d63f402292b3055a837e7750', 'This is api key of https://ipgeolocation.io/');

-- ----------------------------
-- Table structure for tickets
-- ----------------------------
DROP TABLE IF EXISTS `tickets`;
CREATE TABLE `tickets`  (
  `id` int(11) NOT NULL AUTO_INCREMENT,
  `item_id` int(11) NULL DEFAULT NULL,
  `subject` varchar(255) CHARACTER SET latin1 COLLATE latin1_swedish_ci NULL DEFAULT NULL,
  `message` text CHARACTER SET latin1 COLLATE latin1_swedish_ci NOT NULL,
  `statusi` int(1) NOT NULL DEFAULT 1,
  `priority` varchar(6) CHARACTER SET latin1 COLLATE latin1_swedish_ci NULL DEFAULT NULL,
  `user_name` varchar(32) CHARACTER SET latin1 COLLATE latin1_swedish_ci NOT NULL,
  `reseller` varchar(255) CHARACTER SET latin1 COLLATE latin1_swedish_ci NULL DEFAULT NULL,
  `data` varchar(20) CHARACTER SET latin1 COLLATE latin1_swedish_ci NOT NULL DEFAULT '',
  `type` int(11) NOT NULL,
  `lloj` int(11) NULL DEFAULT NULL,
  `Replied` int(11) NULL DEFAULT NULL,
  PRIMARY KEY (`id`) USING BTREE
) ENGINE = MyISAM AUTO_INCREMENT = 2 CHARACTER SET = latin1 COLLATE = latin1_swedish_ci ROW_FORMAT = Dynamic;

-- ----------------------------
-- Records of tickets
-- ----------------------------
INSERT INTO `tickets` VALUES (1, NULL, NULL, '123', 1, NULL, 'jenson', NULL, '2019-09-03 17:02:47', 2, NULL, NULL);

-- ----------------------------
-- Table structure for tickets_reply
-- ----------------------------
DROP TABLE IF EXISTS `tickets_reply`;
CREATE TABLE `tickets_reply`  (
  `id` int(11) NOT NULL AUTO_INCREMENT,
  `tickets_id` int(11) NOT NULL,
  `message` text CHARACTER SET latin1 COLLATE latin1_swedish_ci NOT NULL,
  `user_name` varchar(35) CHARACTER SET latin1 COLLATE latin1_swedish_ci NOT NULL,
  `data` datetime(0) NULL DEFAULT NULL,
  `new` int(11) NULL DEFAULT NULL,
  UNIQUE INDEX `id`(`id`) USING BTREE,
  INDEX `id_2`(`id`) USING BTREE
) ENGINE = MyISAM AUTO_INCREMENT = 175 CHARACTER SET = latin1 COLLATE = latin1_swedish_ci ROW_FORMAT = Dynamic;

-- ----------------------------
-- Records of tickets_reply
-- ----------------------------
INSERT INTO `tickets_reply` VALUES (174, 1, 'reply', 'jenson', '2019-09-04 16:29:39', NULL);

-- ----------------------------
-- Table structure for transaction
-- ----------------------------
DROP TABLE IF EXISTS `transaction`;
CREATE TABLE `transaction`  (
  `transactionr_id` int(6) NOT NULL AUTO_INCREMENT,
  `amount` decimal(10, 2) NOT NULL,
  `btc_amount` varchar(255) CHARACTER SET latin1 COLLATE latin1_swedish_ci NOT NULL,
  `username` varchar(30) CHARACTER SET latin1 COLLATE latin1_swedish_ci NOT NULL,
  `user_id` varchar(255) CHARACTER SET latin1 COLLATE latin1_swedish_ci NOT NULL,
  `address` text CHARACTER SET latin1 COLLATE latin1_swedish_ci NOT NULL,
  `hash` text CHARACTER SET latin1 COLLATE latin1_swedish_ci NOT NULL,
  `tipi` int(1) NOT NULL,
  `state` varchar(25) CHARACTER SET latin1 COLLATE latin1_swedish_ci NOT NULL,
  `date` varchar(30) CHARACTER SET latin1 COLLATE latin1_swedish_ci NOT NULL,
  `blch_value` varchar(200) CHARACTER SET latin1 COLLATE latin1_swedish_ci NOT NULL,
  `comment` varchar(200) CHARACTER SET latin1 COLLATE latin1_swedish_ci NOT NULL,
  PRIMARY KEY (`transactionr_id`) USING BTREE,
  UNIQUE INDEX `transactionr_id`(`transactionr_id`) USING BTREE
) ENGINE = MyISAM AUTO_INCREMENT = 6 CHARACTER SET = latin1 COLLATE = latin1_swedish_ci ROW_FORMAT = Dynamic;

-- ----------------------------
-- Records of transaction
-- ----------------------------
INSERT INTO `transaction` VALUES (1, 0.01, '', 'jenson', '10014', '', 'DB1E4C7DFD7DF02FD2CED629A334226D', 2, '- PM V2 -', '2019-08-31 23:05:21', '', '');
INSERT INTO `transaction` VALUES (2, 10.00, '', '', '10014', '', '', 0, 'Manual', '2019-09-04 17:41:45', '', '');
INSERT INTO `transaction` VALUES (3, 10.00, '', '', '10014', '', '', 0, 'Manual', '2019-09-04 17:42:00', '', '');
INSERT INTO `transaction` VALUES (4, 10.00, '', '', '10014', '', '', 0, 'Manual', '2019-09-04 17:42:53', '', '');
INSERT INTO `transaction` VALUES (5, 10.00, '', '', '10014', '', '', 0, 'Manual', '2019-09-04 18:21:32', '', '');

SET FOREIGN_KEY_CHECKS = 1;
